Date,Open,High,Low,Close,Adj_Close,Volume,Dividends,Splits
2019-09-19,40.35,41.44,36.03,37.55,37.55,22025800,0.0,0.0
2019-09-20,38.59,39.2,36.15,36.15,36.15,3322600,0.0,0.0
2019-09-23,36.58,38.15,35.75,36.11,36.11,2237300,0.0,0.0
2019-09-24,36.01,37.12,34.06,34.5,34.5,3175000,0.0,0.0
2019-09-25,34.6,35.6,34.2,35.25,35.25,3026600,0.0,0.0
2019-09-26,36.0,36.29,32.3,32.44,32.44,2658200,0.0,0.0
2019-09-27,33.0,33.51,30.47,32.27,32.27,2475900,0.0,0.0
2019-09-30,32.64,34.2,32.0,33.91,33.91,1385000,0.0,0.0
2019-10-01,34.25,34.48,31.25,32.39,32.39,1291300,0.0,0.0
2019-10-02,31.65,31.9,30.01,31.1,31.1,1877200,0.0,0.0
2019-10-03,31.18,34.8,30.5,32.89,32.89,2437800,0.0,0.0
2019-10-04,33.05,35.08,32.8,34.72,34.72,918700,0.0,0.0
2019-10-07,34.9,37.97,34.4,36.81,36.81,1983800,0.0,0.0
2019-10-08,36.5,36.7,34.92,35.45,35.45,1217000,0.0,0.0
2019-10-09,35.85,37.49,35.61,36.75,36.75,1166800,0.0,0.0
2019-10-10,36.75,37.35,35.15,35.6,35.6,1348600,0.0,0.0
2019-10-11,35.93,36.48,35.37,35.67,35.67,2168600,0.0,0.0
2019-10-14,35.65,36.25,32.95,33.09,33.09,2194800,0.0,0.0
2019-10-15,33.17,34.85,32.51,34.8,34.8,1473000,0.0,0.0
2019-10-16,33.56,33.77,31.9,32.2,32.2,1987700,0.0,0.0
2019-10-17,32.3,34.16,32.3,33.96,33.96,1488800,0.0,0.0
2019-10-18,33.84,33.88,31.46,31.57,31.57,1305000,0.0,0.0
2019-10-21,31.9,32.1,29.7,30.01,30.01,1981500,0.0,0.0
2019-10-22,30.05,30.31,28.01,28.04,28.04,1964400,0.0,0.0
2019-10-23,27.9,29.25,27.55,28.76,28.76,2779600,0.0,0.0
2019-10-24,29.16,33.46,29.15,32.5,32.5,3813400,0.0,0.0
2019-10-25,32.86,34.5,32.4,34.3,34.3,2117700,0.0,0.0
2019-10-28,35.0,35.44,33.11,33.28,33.28,1906100,0.0,0.0
2019-10-29,33.19,34.08,32.6,33.65,33.65,716700,0.0,0.0
2019-10-30,33.79,34.87,33.38,34.81,34.81,919700,0.0,0.0
2019-10-31,34.82,34.99,33.12,33.59,33.59,965200,0.0,0.0
2019-11-01,33.7,34.48,33.63,34.02,34.02,803900,0.0,0.0
2019-11-04,34.53,34.87,33.36,34.44,34.44,865500,0.0,0.0
2019-11-05,34.5,35.25,33.21,34.91,34.91,1021100,0.0,0.0
2019-11-06,34.56,34.76,32.89,33.06,33.06,1257800,0.0,0.0
2019-11-07,33.3,33.74,31.0,31.29,31.29,1016600,0.0,0.0
2019-11-08,31.11,32.83,30.26,32.81,32.81,931700,0.0,0.0
2019-11-11,32.76,34.0,32.36,33.55,33.55,1665000,0.0,0.0
2019-11-12,33.81,35.2,33.8,34.4,34.4,3258700,0.0,0.0
2019-11-13,38.82,41.92,38.25,40.19,40.19,10597600,0.0,0.0
2019-11-14,40.18,41.72,39.38,41.37,41.37,2564300,0.0,0.0
2019-11-15,41.75,42.96,40.43,40.63,40.63,2117200,0.0,0.0
2019-11-18,40.72,41.48,39.75,40.32,40.32,1151500,0.0,0.0
2019-11-19,40.45,40.88,37.53,39.15,39.15,1890800,0.0,0.0
2019-11-20,38.83,39.94,37.6,38.4,38.4,1158000,0.0,0.0
2019-11-21,38.24,40.17,38.18,40.03,40.03,1410300,0.0,0.0
2019-11-22,41.35,42.7,39.71,41.04,41.04,2671100,0.0,0.0
2019-11-25,41.5,44.09,41.47,42.81,42.81,2295000,0.0,0.0
2019-11-26,43.1,43.7,39.81,40.55,40.55,1779400,0.0,0.0
2019-11-27,40.8,42.2,39.72,41.86,41.86,1278500,0.0,0.0
2019-11-29,41.82,42.2,40.56,40.77,40.77,574800,0.0,0.0
2019-12-02,41.11,41.32,37.84,39.6,39.6,2047900,0.0,0.0
2019-12-03,37.58,38.72,37.5,37.77,37.77,2118900,0.0,0.0
2019-12-04,38.0,38.25,36.09,36.92,36.92,1662400,0.0,0.0
2019-12-05,36.83,36.83,35.81,35.86,35.86,2028400,0.0,0.0
2019-12-06,35.93,36.33,35.6,35.91,35.91,2864400,0.0,0.0
2019-12-09,34.63,36.04,34.1,35.16,35.16,3169400,0.0,0.0
2019-12-10,34.33,36.25,34.26,34.81,34.81,5370700,0.0,0.0
2019-12-11,34.81,35.68,33.06,35.55,35.55,3372400,0.0,0.0
2019-12-12,35.45,36.61,35.14,35.73,35.73,2062800,0.0,0.0
2019-12-13,36.2,39.13,36.01,38.79,38.79,4404000,0.0,0.0
2019-12-16,38.91,39.02,37.13,38.79,38.79,2943600,0.0,0.0
2019-12-17,37.86,38.24,36.02,37.18,37.18,5174100,0.0,0.0
2019-12-18,37.66,38.75,36.81,38.21,38.21,3146200,0.0,0.0
2019-12-19,37.51,38.44,37.5,38.1,38.1,1524500,0.0,0.0
2019-12-20,37.71,38.87,37.6,38.51,38.51,3420600,0.0,0.0
2019-12-23,38.85,39.64,37.41,37.8,37.8,2284100,0.0,0.0
2019-12-24,37.72,37.8,36.62,37.09,37.09,783600,0.0,0.0
2019-12-26,37.3,38.2,37.0,37.96,37.96,1378000,0.0,0.0
2019-12-27,37.9,37.95,35.61,36.11,36.11,3473000,0.0,0.0
2019-12-30,36.72,37.2,35.4,37.13,37.13,1611100,0.0,0.0
2019-12-31,36.9,37.95,36.77,37.78,37.78,1460200,0.0,0.0
2020-01-02,38.22,38.25,36.6,36.7,36.7,1784200,0.0,0.0
2020-01-03,36.11,37.7,35.96,37.42,37.42,1573200,0.0,0.0
2020-01-06,37.51,40.07,37.38,39.9,39.9,5563200,0.0,0.0
2020-01-07,39.95,41.54,39.2,40.06,40.06,4065600,0.0,0.0
2020-01-08,40.3,41.08,39.15,39.95,39.95,1957200,0.0,0.0
2020-01-09,40.45,40.97,39.88,40.21,40.21,1629700,0.0,0.0
2020-01-10,40.55,40.88,39.84,40.16,40.16,1675800,0.0,0.0
2020-01-13,40.72,43.52,40.6,40.94,40.94,5296900,0.0,0.0
2020-01-14,41.16,41.4,38.82,39.27,39.27,2403100,0.0,0.0
2020-01-15,39.57,41.49,39.4,40.23,40.23,2098300,0.0,0.0
2020-01-16,40.74,41.78,39.96,40.61,40.61,2020100,0.0,0.0
2020-01-17,41.2,41.72,40.61,41.19,41.19,1377500,0.0,0.0
2020-01-21,41.18,42.28,40.47,41.13,41.13,2192100,0.0,0.0
2020-01-22,41.48,42.67,41.26,42.22,42.22,1167500,0.0,0.0
2020-01-23,42.33,43.25,40.93,42.81,42.81,1799700,0.0,0.0
2020-01-24,43.49,44.03,40.81,42.05,42.05,2572000,0.0,0.0
2020-01-27,40.0,41.33,39.25,41.26,41.26,2053800,0.0,0.0
2020-01-28,41.58,42.21,40.58,42.16,42.16,1229600,0.0,0.0
2020-01-29,42.9,44.99,42.16,43.92,43.92,2817800,0.0,0.0
2020-01-30,43.49,47.2,43.08,47.04,47.04,2830800,0.0,0.0
2020-01-31,47.13,47.26,45.74,46.21,46.21,1708800,0.0,0.0
2020-02-03,46.62,47.48,43.51,45.26,45.26,2275200,0.0,0.0
2020-02-04,46.21,48.49,45.73,47.6,47.6,1780200,0.0,0.0
2020-02-05,48.88,49.08,43.77,45.73,45.73,2455200,0.0,0.0
2020-02-06,45.75,46.3,44.1,46.05,46.05,1081100,0.0,0.0
2020-02-07,46.5,47.98,46.15,47.18,47.18,1765800,0.0,0.0
2020-02-10,47.52,49.0,47.5,47.95,47.95,1537100,0.0,0.0
2020-02-11,48.62,49.42,47.34,47.81,47.81,1884400,0.0,0.0
2020-02-12,48.25,50.12,48.05,50.01,50.01,2199400,0.0,0.0
2020-02-13,49.35,49.47,47.71,48.5,48.5,3361800,0.0,0.0
2020-02-14,45.91,48.69,44.25,47.03,47.03,8374800,0.0,0.0
2020-02-18,47.29,48.58,46.6,47.08,47.08,3049600,0.0,0.0
2020-02-19,47.2,47.86,46.41,47.3,47.3,2877400,0.0,0.0
2020-02-20,45.68,47.03,44.08,45.99,45.99,5201800,0.0,0.0
2020-02-21,45.64,45.79,43.72,45.68,45.68,2695900,0.0,0.0
2020-02-24,43.0,45.35,42.33,44.96,44.96,3187400,0.0,0.0
2020-02-25,45.4,45.6,43.0,44.31,44.31,4406100,0.0,0.0
2020-02-26,44.06,45.39,43.5,43.91,43.91,2817400,0.0,0.0
2020-02-27,42.12,46.58,41.72,45.89,45.89,7190100,0.0,0.0
2020-02-28,43.8,45.84,43.5,45.15,45.15,4457400,0.0,0.0
2020-03-02,45.0,45.78,43.61,44.79,44.79,5880800,0.0,0.0
2020-03-03,44.8,44.86,42.36,43.4,43.4,4483700,0.0,0.0
2020-03-04,44.33,44.9,43.13,44.53,44.53,2239900,0.0,0.0
2020-03-05,43.31,48.12,43.31,47.3,47.3,5074300,0.0,0.0
2020-03-06,46.01,46.44,43.08,43.62,43.62,3987400,0.0,0.0
2020-03-09,38.78,40.0,37.37,38.82,38.82,9150100,0.0,0.0
2020-03-10,39.75,39.85,36.45,38.0,38.0,13106300,0.0,0.0
2020-03-11,37.31,37.71,34.79,35.56,35.56,6011700,0.0,0.0
2020-03-12,32.46,34.93,31.0,33.1,33.1,6687300,0.0,0.0
2020-03-13,36.0,36.6,32.0,35.26,35.26,5704700,0.0,0.0
2020-03-16,32.0,33.18,28.88,28.96,28.96,4915500,0.0,0.0
2020-03-17,29.53,34.44,29.31,34.12,34.12,4476800,0.0,0.0
2020-03-18,30.85,33.88,30.46,32.08,32.08,3133800,0.0,0.0
2020-03-19,32.0,33.77,31.3,33.1,33.1,4076200,0.0,0.0
2020-03-20,33.54,35.12,33.01,33.38,33.38,5349700,0.0,0.0
2020-03-23,34.1,34.1,30.63,32.9,32.9,4407900,0.0,0.0
2020-03-24,34.05,35.39,33.75,34.49,34.49,3495400,0.0,0.0
2020-03-25,34.11,36.89,33.6,33.69,33.69,3049100,0.0,0.0
2020-03-26,34.07,35.93,33.41,34.3,34.3,4155000,0.0,0.0
2020-03-27,34.29,35.24,33.14,34.55,34.55,2892500,0.0,0.0
2020-03-30,35.45,35.65,33.75,34.75,34.75,2321400,0.0,0.0
2020-03-31,34.5,36.54,34.36,35.98,35.98,3221700,0.0,0.0
2020-04-01,34.83,37.0,34.31,34.88,34.88,2855200,0.0,0.0
2020-04-02,34.9,35.87,33.62,34.6,34.6,1866000,0.0,0.0
2020-04-03,34.5,35.34,33.04,34.69,34.69,2626900,0.0,0.0
2020-04-06,35.44,36.45,35.1,36.28,36.28,2187300,0.0,0.0
2020-04-07,37.0,37.24,35.01,35.9,35.9,2920700,0.0,0.0
2020-04-08,36.1,37.89,35.4,37.15,37.15,4113200,0.0,0.0
2020-04-09,37.0,37.49,36.35,36.95,36.95,2737200,0.0,0.0
2020-04-13,37.69,38.35,37.42,37.87,37.87,3050700,0.0,0.0
2020-04-14,38.57,39.12,38.25,38.91,38.91,2725600,0.0,0.0
2020-04-15,38.58,39.36,38.02,38.74,38.74,2956200,0.0,0.0
2020-04-16,39.1,39.92,38.72,39.64,39.64,2895800,0.0,0.0
2020-04-17,40.0,40.67,38.55,40.4,40.4,3180000,0.0,0.0
2020-04-20,39.97,42.58,39.97,40.99,40.99,2934300,0.0,0.0
2020-04-21,41.03,41.68,38.14,40.0,40.0,3063300,0.0,0.0
2020-04-22,40.56,41.43,40.26,40.29,40.29,1885700,0.0,0.0
2020-04-23,40.01,41.0,38.68,40.15,40.15,1540500,0.0,0.0
2020-04-24,40.89,42.1,40.23,41.81,41.81,2781300,0.0,0.0
2020-04-27,42.25,43.43,42.0,43.23,43.23,1619500,0.0,0.0
2020-04-28,43.56,44.23,41.8,43.6,43.6,2260300,0.0,0.0
2020-04-29,43.85,45.14,43.74,44.65,44.65,1961200,0.0,0.0
2020-04-30,44.93,45.28,44.44,45.12,45.12,1734700,0.0,0.0
2020-05-01,44.0,45.47,43.13,44.98,44.98,2092000,0.0,0.0
2020-05-04,44.9,46.13,43.81,45.83,45.83,2499300,0.0,0.0
2020-05-05,46.33,47.34,46.01,46.6,46.6,3277100,0.0,0.0
2020-05-06,47.0,47.28,46.01,46.56,46.56,2195600,0.0,0.0
2020-05-07,47.5,50.09,47.26,49.61,49.61,4849400,0.0,0.0
2020-05-08,51.33,52.24,49.58,51.73,51.73,5216300,0.0,0.0
2020-05-11,52.99,57.18,52.6,55.69,55.69,10262800,0.0,0.0
2020-05-12,61.87,70.12,61.05,68.86,68.86,24947300,0.0,0.0
2020-05-13,66.64,72.15,64.61,69.99,69.99,13535300,0.0,0.0
2020-05-14,66.38,67.25,62.12,65.19,65.19,13375000,0.0,0.0
2020-05-15,65.0,69.22,64.94,67.16,67.16,6688500,0.0,0.0
2020-05-18,69.0,69.77,66.86,67.41,67.41,4061800,0.0,0.0
2020-05-19,67.75,71.42,67.46,70.06,70.06,4009400,0.0,0.0
2020-05-20,71.01,71.79,69.26,70.7,70.7,3189700,0.0,0.0
2020-05-21,70.0,70.98,68.45,69.89,69.89,2329400,0.0,0.0
2020-05-22,70.05,74.0,70.0,73.04,73.04,4724400,0.0,0.0
2020-05-26,74.59,75.0,67.51,71.0,71.0,5207800,0.0,0.0
2020-05-27,69.85,70.13,62.5,66.82,66.82,6837200,0.0,0.0
2020-05-28,64.9,70.2,64.6,67.13,67.13,4243400,0.0,0.0
2020-05-29,68.76,71.47,67.5,71.27,71.27,12944000,0.0,0.0
2020-06-01,70.61,72.16,69.25,69.49,69.49,5487700,0.0,0.0
2020-06-02,69.49,72.09,67.18,70.81,70.81,4859500,0.0,0.0
2020-06-03,70.78,73.48,69.31,72.89,72.89,3133200,0.0,0.0
2020-06-04,73.13,73.7,69.44,71.76,71.76,5502500,0.0,0.0
2020-06-05,69.95,72.08,68.21,70.66,70.66,3433700,0.0,0.0
2020-06-08,71.38,77.69,70.08,76.54,76.54,5918700,0.0,0.0
2020-06-09,76.39,78.49,73.58,73.74,73.74,4048400,0.0,0.0
2020-06-10,75.72,79.18,75.32,78.26,78.26,3476800,0.0,0.0
2020-06-11,76.12,79.4,75.18,76.05,76.05,3803600,0.0,0.0
2020-06-12,77.9,80.62,76.27,78.05,78.05,3672900,0.0,0.0
2020-06-15,78.15,83.2,77.63,81.52,81.52,4509000,0.0,0.0
2020-06-16,82.04,84.45,80.55,81.99,81.99,4655000,0.0,0.0
2020-06-17,83.37,84.99,82.25,83.04,83.04,4969500,0.0,0.0
2020-06-18,83.88,87.11,82.12,86.65,86.65,6667700,0.0,0.0
2020-06-19,88.25,89.57,85.2,86.79,86.79,8109100,0.0,0.0
2020-06-22,87.67,89.6,87.08,89.01,89.01,4979800,0.0,0.0
2020-06-23,90.0,93.0,87.89,89.69,89.69,6748400,0.0,0.0
2020-06-24,90.06,92.89,86.45,88.5,88.5,4140700,0.0,0.0
2020-06-25,88.14,91.55,86.69,89.6,89.6,3215100,0.0,0.0
2020-06-26,90.56,91.08,83.8,84.5,84.5,14063100,0.0,0.0
2020-06-29,85.02,85.24,80.09,83.72,83.72,4920900,0.0,0.0
2020-06-30,84.29,87.17,83.77,86.95,86.95,2752200,0.0,0.0
2020-07-01,87.19,89.75,86.01,89.38,89.38,2447300,0.0,0.0
2020-07-02,90.5,91.07,88.34,89.59,89.59,4516700,0.0,0.0
2020-07-06,91.35,92.6,88.02,88.96,88.96,5769400,0.0,0.0
2020-07-07,90.01,92.17,88.55,90.09,90.09,2898100,0.0,0.0
2020-07-08,91.85,96.84,91.0,96.13,96.13,3914900,0.0,0.0
2020-07-09,97.99,98.99,93.17,96.1,96.1,4841200,0.0,0.0
2020-07-10,96.82,98.14,95.12,96.41,96.41,4141000,0.0,0.0
2020-07-13,97.77,98.64,85.67,86.66,86.66,5577900,0.0,0.0
2020-07-14,87.6,90.83,83.0,88.89,88.89,3781100,0.0,0.0
2020-07-15,88.97,90.93,85.49,88.48,88.48,3155600,0.0,0.0
2020-07-16,87.65,87.9,83.38,85.32,85.32,3390400,0.0,0.0
2020-07-17,85.6,87.86,85.31,87.3,87.3,3225000,0.0,0.0
2020-07-20,88.31,93.14,88.1,92.14,92.14,3425600,0.0,0.0
2020-07-21,92.77,93.0,89.34,90.72,90.72,4404500,0.0,0.0
2020-07-22,90.88,92.36,88.53,89.5,89.5,1578500,0.0,0.0
2020-07-23,88.85,91.3,83.57,85.22,85.22,3378900,0.0,0.0
2020-07-24,83.4,86.75,81.54,84.84,84.84,2244200,0.0,0.0
2020-07-27,86.2,88.58,85.68,87.83,87.83,1782500,0.0,0.0
2020-07-28,87.72,89.72,87.06,88.28,88.28,1311200,0.0,0.0
2020-07-29,89.22,90.87,87.28,90.13,90.13,1968200,0.0,0.0
2020-07-30,89.79,94.07,89.79,92.76,92.76,2349400,0.0,0.0
2020-07-31,94.79,95.0,91.2,93.86,93.86,2429600,0.0,0.0
2020-08-03,95.82,96.67,93.67,95.67,95.67,4630000,0.0,0.0
2020-08-04,95.76,96.15,92.13,94.22,94.22,2848100,0.0,0.0
2020-08-05,94.31,95.36,91.7,94.32,94.32,2899900,0.0,0.0
2020-08-06,92.72,93.37,87.32,90.01,90.01,8160600,0.0,0.0
2020-08-07,82.6,83.75,74.11,75.28,75.28,18906500,0.0,0.0
2020-08-10,77.61,78.96,72.6,76.36,76.36,7820100,0.0,0.0
2020-08-11,75.31,78.76,75.0,75.68,75.68,6876400,0.0,0.0
2020-08-12,76.0,78.65,75.91,76.61,76.61,3849200,0.0,0.0
2020-08-13,77.84,84.57,76.92,82.42,82.42,10101700,0.0,0.0
2020-08-14,83.0,84.27,79.82,81.24,81.24,2984700,0.0,0.0
2020-08-17,81.61,83.75,81.16,83.45,83.45,3218800,0.0,0.0
2020-08-18,83.09,83.89,81.6,83.46,83.46,3403900,0.0,0.0
2020-08-19,83.05,83.56,81.43,82.47,82.47,2405900,0.0,0.0
2020-08-20,82.26,86.6,82.0,85.78,85.78,3341500,0.0,0.0
2020-08-21,85.52,86.7,84.66,86.12,86.12,2487200,0.0,0.0
2020-08-24,87.01,87.26,82.06,84.34,84.34,2702000,0.0,0.0
2020-08-25,83.67,84.75,82.17,83.77,83.77,2164300,0.0,0.0
2020-08-26,85.77,89.47,85.1,86.28,86.28,4652800,0.0,0.0
2020-08-27,86.28,86.47,82.03,83.54,83.54,3295800,0.0,0.0
2020-08-28,82.74,86.25,81.53,82.98,82.98,4283600,0.0,0.0
2020-08-31,83.49,83.72,81.56,83.55,83.55,4829100,0.0,0.0
2020-09-01,83.99,87.49,82.5,85.77,85.77,4390400,0.0,0.0
2020-09-02,87.91,88.0,81.78,84.19,84.19,3767500,0.0,0.0
2020-09-03,81.5,81.78,76.28,80.1,80.1,7202800,0.0,0.0
2020-09-04,78.5,80.46,75.55,79.57,79.57,4660000,0.0,0.0
2020-09-08,77.0,81.46,75.75,79.98,79.98,3848700,0.0,0.0
2020-09-09,81.53,83.37,79.51,81.98,81.98,3190800,0.0,0.0
2020-09-10,82.2,84.55,80.29,80.67,80.67,2952100,0.0,0.0
2020-09-11,81.5,83.3,78.61,80.36,80.36,4335400,0.0,0.0
2020-09-14,81.44,84.85,80.34,84.39,84.39,4202100,0.0,0.0
2020-09-15,85.06,89.43,85.03,88.54,88.54,5935500,0.0,0.0
2020-09-16,88.2,92.75,88.18,89.38,89.38,5166100,0.0,0.0
2020-09-17,85.56,88.29,85.49,87.25,87.25,3831700,0.0,0.0
2020-09-18,88.44,88.74,84.51,85.69,85.69,14273100,0.0,0.0
2020-09-21,84.39,88.7,80.27,88.14,88.14,5630500,0.0,0.0
2020-09-22,88.33,93.5,85.81,93.41,93.41,6512600,0.0,0.0
2020-09-23,91.98,94.9,90.66,91.1,91.1,4138200,0.0,0.0
2020-09-24,88.79,90.73,87.28,88.37,88.37,1999300,0.0,0.0
2020-09-25,89.0,90.89,87.62,90.65,90.65,1624400,0.0,0.0
2020-09-28,91.86,95.32,91.2,92.25,92.25,3286200,0.0,0.0
2020-09-29,92.06,93.54,90.39,90.92,90.92,2264400,0.0,0.0
2020-09-30,90.92,107.99,89.43,102.16,102.16,28819000,0.0,0.0
2020-10-01,101.43,105.5,98.63,103.51,103.51,11446200,0.0,0.0
2020-10-02,101.31,108.2,100.92,103.49,103.49,8513800,0.0,0.0
2020-10-05,104.75,108.1,103.71,106.89,106.89,4459200,0.0,0.0
2020-10-06,106.89,109.6,102.14,103.92,103.92,4510000,0.0,0.0
2020-10-07,105.43,109.22,104.4,104.43,104.43,4579800,0.0,0.0
2020-10-08,105.26,105.95,101.81,102.66,102.66,2882600,0.0,0.0
2020-10-09,104.65,114.55,103.52,111.79,111.79,10875200,0.0,0.0
2020-10-12,112.25,113.64,108.83,112.2,112.2,4617500,0.0,0.0
2020-10-13,112.65,118.13,112.05,116.87,116.87,4756600,0.0,0.0
2020-10-14,117.55,117.8,112.3,113.55,113.55,2894700,0.0,0.0
2020-10-15,107.2,114.09,104.55,113.29,113.29,3781500,0.0,0.0
2020-10-16,114.84,116.37,111.74,112.36,112.36,2164400,0.0,0.0
2020-10-19,112.25,113.75,110.4,111.66,111.66,2858500,0.0,0.0
2020-10-20,112.31,112.47,107.74,108.59,108.59,2585800,0.0,0.0
2020-10-21,110.0,110.2,100.04,102.17,102.17,6148600,0.0,0.0
2020-10-22,102.87,103.79,98.57,98.94,98.94,2970300,0.0,0.0
2020-10-23,99.61,102.89,97.35,102.08,102.08,2949500,0.0,0.0
2020-10-26,100.65,104.53,96.11,99.76,99.76,3296100,0.0,0.0
2020-10-27,101.25,103.92,100.53,101.33,101.33,1588900,0.0,0.0
2020-10-28,99.25,99.7,96.6,97.03,97.03,2230900,0.0,0.0
2020-10-29,97.99,98.19,95.13,96.41,96.41,2424700,0.0,0.0
2020-10-30,94.86,95.45,90.54,90.75,90.75,3733800,0.0,0.0
2020-11-02,91.78,91.79,86.66,88.33,88.33,4567200,0.0,0.0
2020-11-03,88.53,90.77,86.5,90.14,90.14,2521600,0.0,0.0
2020-11-04,95.76,99.99,95.26,97.62,97.62,3660500,0.0,0.0
2020-11-05,102.26,103.95,99.65,101.95,101.95,2745800,0.0,0.0
2020-11-06,102.0,102.58,98.88,100.35,100.35,2529600,0.0,0.0
2020-11-09,98.76,101.0,93.05,94.89,94.89,3434000,0.0,0.0
2020-11-10,94.71,96.25,88.59,92.6,92.6,6383800,0.0,0.0
2020-11-11,85.15,87.13,79.76,86.83,86.83,25348600,0.0,0.0
2020-11-12,88.08,90.3,87.08,90.01,90.01,6622600,0.0,0.0
2020-11-13,87.89,89.16,83.89,85.82,85.82,5762300,0.0,0.0
2020-11-16,83.41,87.42,82.38,86.36,86.36,3006100,0.0,0.0
2020-11-17,87.35,88.91,85.53,88.09,88.09,3885800,0.0,0.0
2020-11-18,88.0,89.95,85.74,87.3,87.3,2574600,0.0,0.0
2020-11-19,87.15,91.95,87.13,88.89,88.89,3996400,0.0,0.0
2020-11-20,89.68,91.24,89.03,89.09,89.09,2337800,0.0,0.0
2020-11-23,89.78,91.64,88.3,91.04,91.04,2162800,0.0,0.0
2020-11-24,90.32,90.84,87.3,89.18,89.18,3067400,0.0,0.0
2020-11-25,89.39,93.92,88.95,93.51,93.51,3036900,0.0,0.0
2020-11-27,95.0,96.8,94.18,96.42,96.42,1907700,0.0,0.0
2020-11-30,97.01,99.57,94.1,98.92,98.92,4749900,0.0,0.0
2020-12-01,98.6,98.8,94.02,95.67,95.67,3321300,0.0,0.0
2020-12-02,93.77,93.9,90.13,93.5,93.5,3099700,0.0,0.0
2020-12-03,95.09,98.84,94.19,97.36,97.36,2732300,0.0,0.0
2020-12-04,97.75,102.4,97.67,101.57,101.57,3780500,0.0,0.0
2020-12-07,101.9,102.64,98.23,99.16,99.16,2605900,0.0,0.0
2020-12-08,99.39,100.18,96.23,99.85,99.85,2346200,0.0,0.0
2020-12-09,100.0,100.75,94.75,95.65,95.65,2126200,0.0,0.0
2020-12-10,94.51,103.77,93.92,101.53,101.53,4715800,0.0,0.0
2020-12-11,99.57,100.96,96.36,98.98,98.98,3823600,0.0,0.0
2020-12-14,100.0,103.43,99.62,102.27,102.27,4326500,0.0,0.0
2020-12-15,103.08,105.63,99.9,101.23,101.23,4433800,0.0,0.0
2020-12-16,101.53,105.0,101.3,104.55,104.55,3897500,0.0,0.0
2020-12-17,105.53,109.85,105.13,108.7,108.7,4687700,0.0,0.0
2020-12-18,109.24,109.61,107.03,107.72,107.72,7520000,0.0,0.0
2020-12-21,105.97,107.17,103.34,106.46,106.46,2702100,0.0,0.0
2020-12-22,107.96,111.08,106.85,111.07,111.07,2940300,0.0,0.0
2020-12-23,110.71,111.49,107.4,107.44,107.44,1587200,0.0,0.0
2020-12-24,107.04,109.85,106.11,106.28,106.28,785400,0.0,0.0
2020-12-28,107.27,107.98,99.7,100.22,100.22,2673200,0.0,0.0
2020-12-29,100.78,100.95,97.45,98.92,98.92,2267700,0.0,0.0
2020-12-30,99.97,101.43,98.5,99.31,99.31,1732700,0.0,0.0
2020-12-31,98.6,99.33,96.6,98.44,98.44,1743500,0.0,0.0
2021-01-04,98.69,98.83,90.8,91.23,91.23,6408000,0.0,0.0
2021-01-05,92.0,93.36,89.83,93.03,93.03,3072500,0.0,0.0
2021-01-06,91.25,93.97,90.25,91.33,91.33,3538700,0.0,0.0
2021-01-07,92.1,96.65,92.1,96.64,96.64,3316400,0.0,0.0
2021-01-08,97.55,100.25,97.5,99.94,99.94,2565000,0.0,0.0
2021-01-11,101.75,107.74,99.78,104.25,104.25,4316000,0.0,0.0
2021-01-12,104.28,107.49,104.0,105.58,105.58,2466000,0.0,0.0
2021-01-13,105.0,105.82,102.06,104.85,104.85,1746500,0.0,0.0
2021-01-14,105.41,106.21,101.16,101.84,101.84,2129100,0.0,0.0
2021-01-15,102.3,104.8,99.47,99.84,99.84,1459700,0.0,0.0
2021-01-19,100.98,101.09,97.22,99.09,99.09,2070500,0.0,0.0
2021-01-20,101.35,105.55,100.6,104.28,104.28,3553300,0.0,0.0
2021-01-21,105.1,105.37,101.76,103.34,103.34,1896700,0.0,0.0
2021-01-22,102.8,109.62,102.3,105.0,105.0,3371400,0.0,0.0
2021-01-25,106.37,112.29,104.05,108.97,108.97,7332500,0.0,0.0
2021-01-26,109.37,109.68,102.43,103.52,103.52,2567200,0.0,0.0
2021-01-27,102.18,104.1,98.0,98.0,98.0,4430500,0.0,0.0
2021-01-28,98.04,101.91,96.5,100.0,100.0,3307800,0.0,0.0
2021-01-29,99.51,103.09,97.0,102.75,102.75,3813200,0.0,0.0
2021-02-01,103.47,105.04,100.65,101.79,101.79,3691900,0.0,0.0
2021-02-02,103.81,107.38,102.69,106.01,106.01,3375100,0.0,0.0
2021-02-03,107.5,111.65,106.53,110.52,110.52,3462200,0.0,0.0
2021-02-04,111.99,113.57,107.53,111.92,111.92,2543700,0.0,0.0
2021-02-05,111.38,115.64,110.94,114.9,114.9,3164700,0.0,0.0
2021-02-08,115.89,116.94,113.7,116.42,116.42,2818400,0.0,0.0
2021-02-09,116.48,119.43,116.26,117.85,117.85,2916600,0.0,0.0
2021-02-10,118.51,119.03,111.76,115.55,115.55,2103700,0.0,0.0
2021-02-11,116.59,117.92,114.73,117.6,117.6,3777500,0.0,0.0
2021-02-12,111.75,113.59,108.01,112.86,112.86,5238800,0.0,0.0
2021-02-16,111.43,114.0,105.62,107.56,107.56,4087900,0.0,0.0
2021-02-17,103.5,105.34,100.5,103.08,103.08,5525700,0.0,0.0
2021-02-18,103.05,106.86,101.63,106.4,106.4,3528900,0.0,0.0
2021-02-19,107.09,107.56,104.05,105.05,105.05,2987500,0.0,0.0
2021-02-22,102.01,103.51,98.67,99.7,99.7,3550100,0.0,0.0
2021-02-23,95.96,99.21,92.81,98.67,98.67,4829900,0.0,0.0
2021-02-24,98.84,101.84,96.59,99.36,99.36,3060700,0.0,0.0
2021-02-25,99.75,100.37,93.28,95.0,95.0,2889000,0.0,0.0
2021-02-26,95.85,97.81,93.16,95.41,95.41,3964400,0.0,0.0
2021-03-01,96.78,97.9,94.47,97.61,97.61,2737200,0.0,0.0
2021-03-02,98.61,98.65,93.19,93.51,93.51,3531700,0.0,0.0
2021-03-03,93.51,94.0,87.37,90.0,90.0,5042700,0.0,0.0
2021-03-04,88.68,90.76,81.13,85.0,85.0,6348200,0.0,0.0
2021-03-05,85.28,85.65,78.09,82.2,82.2,8264700,0.0,0.0
2021-03-08,82.19,83.43,77.03,77.52,77.52,5958600,0.0,0.0
2021-03-09,81.54,82.98,79.28,82.0,82.0,5666600,0.0,0.0
2021-03-10,84.38,84.45,80.01,80.7,80.7,3745900,0.0,0.0
2021-03-11,83.44,86.98,82.91,86.24,86.24,3715300,0.0,0.0
2021-03-12,83.64,84.01,81.76,83.0,83.0,3006700,0.0,0.0
2021-03-15,82.55,88.6,82.37,87.61,87.61,3754300,0.0,0.0
2021-03-16,89.26,90.23,85.71,86.37,86.37,2759700,0.0,0.0
2021-03-17,85.55,87.93,82.51,86.54,86.54,3117300,0.0,0.0
2021-03-18,85.0,85.68,81.69,81.89,81.89,4341800,0.0,0.0
2021-03-19,82.32,84.47,80.53,84.03,84.03,4544200,0.0,0.0
2021-03-22,84.81,87.03,84.05,85.18,85.18,3071400,0.0,0.0
2021-03-23,85.48,86.63,84.32,85.17,85.17,2718900,0.0,0.0
2021-03-24,85.08,85.37,81.04,81.26,81.26,2974800,0.0,0.0
2021-03-25,78.8,81.29,77.19,78.26,78.26,5460400,0.0,0.0
2021-03-26,78.87,83.44,78.07,80.29,80.29,5772300,0.0,0.0
2021-03-29,79.73,80.68,75.63,77.04,77.04,4367400,0.0,0.0
2021-03-30,76.32,77.58,74.53,77.37,77.37,2731700,0.0,0.0
2021-03-31,79.38,85.14,77.71,83.34,83.34,5213900,0.0,0.0
2021-04-01,86.95,88.15,85.6,87.2,87.2,4982000,0.0,0.0
2021-04-05,87.84,88.0,81.7,83.24,83.24,4233600,0.0,0.0
2021-04-06,83.3,89.99,82.92,88.89,88.89,4486200,0.0,0.0
2021-04-07,88.87,88.88,85.27,86.6,86.6,1975400,0.0,0.0
2021-04-08,87.55,90.09,87.29,88.32,88.32,2101300,0.0,0.0
2021-04-09,87.4,89.5,85.73,88.8,88.8,1781500,0.0,0.0
2021-04-12,87.73,90.9,87.0,90.46,90.46,2822500,0.0,0.0
2021-04-13,91.1,95.52,90.54,94.21,94.21,6156400,0.0,0.0
2021-04-14,94.89,96.14,93.0,93.25,93.25,2143200,0.0,0.0
2021-04-15,94.04,96.35,93.93,95.27,95.27,2060500,0.0,0.0
2021-04-16,94.55,94.63,89.28,90.34,90.34,3276700,0.0,0.0
2021-04-19,90.01,91.77,86.9,87.89,87.89,2441800,0.0,0.0
2021-04-20,88.4,88.4,83.57,83.96,83.96,3078000,0.0,0.0
2021-04-21,83.96,85.99,82.68,84.78,84.78,2508200,0.0,0.0
2021-04-22,85.65,87.94,84.62,84.81,84.81,2345300,0.0,0.0
2021-04-23,86.33,89.76,85.18,89.57,89.57,2641800,0.0,0.0
2021-04-26,89.4,93.16,89.11,93.14,93.14,2193900,0.0,0.0
2021-04-27,92.73,93.99,91.96,93.8,93.8,2281000,0.0,0.0
2021-04-28,93.14,93.74,91.44,91.56,91.56,1277400,0.0,0.0
2021-04-29,91.94,92.2,87.37,88.84,88.84,2451000,0.0,0.0
2021-04-30,86.38,88.6,85.72,85.77,85.77,2587800,0.0,0.0
2021-05-03,86.33,86.33,79.92,80.17,80.17,4616100,0.0,0.0
2021-05-04,79.04,79.91,76.12,77.86,77.86,3246000,0.0,0.0
2021-05-05,78.91,79.39,76.11,76.74,76.74,1848100,0.0,0.0
2021-05-06,75.68,75.68,69.73,71.36,71.36,6749300,0.0,0.0
2021-05-07,79.34,79.78,75.85,77.29,77.29,6992000,0.0,0.0
2021-05-10,76.5,77.46,74.37,76.86,76.86,3524100,0.0,0.0
2021-05-11,73.14,79.1,73.04,78.62,78.62,4305600,0.0,0.0
2021-05-12,77.67,77.94,75.29,76.84,76.84,2863700,0.0,0.0
2021-05-13,77.97,80.43,76.15,77.39,77.39,4129600,0.0,0.0
2021-05-14,78.14,82.82,76.8,82.51,82.51,4467100,0.0,0.0
2021-05-17,80.08,82.66,78.51,81.03,81.03,5421900,0.0,0.0
2021-05-18,81.71,84.08,80.89,83.11,83.11,4149300,0.0,0.0
2021-05-19,81.3,85.46,80.02,83.67,83.67,4236000,0.0,0.0
2021-05-20,84.75,88.72,84.29,88.12,88.12,4048000,0.0,0.0
2021-05-21,90.21,90.89,87.55,88.95,88.95,3787500,0.0,0.0
2021-05-24,89.5,90.73,88.71,89.76,89.76,2728900,0.0,0.0
2021-05-25,89.9,90.64,88.41,89.58,89.58,2072600,0.0,0.0
2021-05-26,90.65,93.94,90.29,91.43,91.43,2308600,0.0,0.0
2021-05-27,90.14,92.35,88.21,92.31,92.31,3994100,0.0,0.0
2021-05-28,93.27,94.39,91.04,91.05,91.05,1654500,0.0,0.0
2021-06-01,91.35,92.45,89.9,91.88,91.88,2017800,0.0,0.0
2021-06-02,91.5,92.29,90.66,91.6,91.6,1448100,0.0,0.0
2021-06-03,91.19,91.45,88.02,88.69,88.69,2284400,0.0,0.0
2021-06-04,88.98,90.99,87.75,88.45,88.45,1684200,0.0,0.0
2021-06-07,87.82,91.46,87.1,90.62,90.62,1735300,0.0,0.0
2021-06-08,91.49,93.15,91.24,92.48,92.48,1692300,0.0,0.0
2021-06-09,92.44,93.48,91.17,91.72,91.72,1606200,0.0,0.0
2021-06-10,91.56,95.5,91.28,94.5,94.5,4218100,0.0,0.0
2021-06-11,94.91,95.8,93.54,95.48,95.48,2650000,0.0,0.0
2021-06-14,96.0,97.89,95.6,97.25,97.25,2577900,0.0,0.0
2021-06-15,96.92,97.44,95.7,96.59,96.59,1887800,0.0,0.0
2021-06-16,96.6,99.88,96.06,98.38,98.38,3614100,0.0,0.0
2021-06-17,97.26,102.56,97.1,101.75,101.75,4231200,0.0,0.0
2021-06-18,102.52,104.21,101.5,103.26,103.26,4717200,0.0,0.0
2021-06-21,101.75,103.34,99.55,102.35,102.35,2691900,0.0,0.0
2021-06-22,102.63,105.25,102.27,104.54,104.54,2355300,0.0,0.0
2021-06-23,104.74,106.54,104.44,106.53,106.53,2399200,0.0,0.0
2021-06-24,106.91,107.25,105.28,106.44,106.44,2861900,0.0,0.0
2021-06-25,106.7,107.14,104.4,106.06,106.06,5560700,0.0,0.0
2021-06-28,106.0,107.19,105.46,106.44,106.44,1452700,0.0,0.0
2021-06-29,106.5,107.4,105.3,107.2,107.2,1487400,0.0,0.0
2021-06-30,106.58,106.74,103.74,104.08,104.08,1769800,0.0,0.0
2021-07-01,103.51,105.52,102.51,104.57,104.57,1797000,0.0,0.0
2021-07-02,105.32,107.2,104.98,106.47,106.47,1423700,0.0,0.0
2021-07-06,106.66,109.8,106.58,108.68,108.68,2186000,0.0,0.0
2021-07-07,109.52,110.24,106.09,107.31,107.31,1422900,0.0,0.0
2021-07-08,105.87,107.72,103.96,107.1,107.1,1718400,0.0,0.0
2021-07-09,107.0,108.29,105.9,108.12,108.12,1329900,0.0,0.0
2021-07-12,109.23,109.9,106.54,107.76,107.76,1533100,0.0,0.0
2021-07-13,107.64,108.78,105.69,106.59,106.59,1084500,0.0,0.0
2021-07-14,107.16,107.67,104.36,104.67,104.67,1262100,0.0,0.0
2021-07-15,104.55,105.92,102.35,103.48,103.48,1553000,0.0,0.0
2021-07-16,104.62,105.56,103.36,104.64,104.64,890700,0.0,0.0
2021-07-19,102.51,105.28,101.38,104.83,104.83,1687500,0.0,0.0
2021-07-20,105.67,108.89,103.43,107.52,107.52,1392100,0.0,0.0
2021-07-21,107.58,108.77,106.0,108.39,108.39,1088500,0.0,0.0
2021-07-22,109.24,112.38,109.02,110.2,110.2,1951400,0.0,0.0
2021-07-23,110.35,112.53,109.91,111.23,111.23,2525300,0.0,0.0
2021-07-26,110.65,110.78,108.3,109.79,109.79,1343200,0.0,0.0
2021-07-27,109.99,110.91,106.57,109.62,109.62,1356900,0.0,0.0
2021-07-28,110.09,112.69,109.5,111.45,111.45,1716800,0.0,0.0
2021-07-29,111.06,112.92,111.0,111.23,111.23,789800,0.0,0.0
2021-07-30,110.52,114.2,110.37,110.7,110.7,1808100,0.0,0.0
2021-08-02,110.85,113.2,109.11,111.63,111.63,1819800,0.0,0.0
2021-08-03,111.63,114.92,111.18,114.68,114.68,2383600,0.0,0.0
2021-08-04,114.86,116.39,113.1,114.93,114.93,2689700,0.0,0.0
2021-08-05,131.64,135.38,126.33,132.47,132.47,11690300,0.0,0.0
2021-08-06,129.82,133.0,128.12,131.92,131.92,4016800,0.0,0.0
2021-08-09,128.68,130.56,124.49,130.0,130.0,4707300,0.0,0.0
2021-08-10,130.21,130.21,124.9,125.3,125.3,4207700,0.0,0.0
2021-08-11,125.11,128.74,122.23,128.21,128.21,3538700,0.0,0.0
2021-08-12,127.4,131.13,126.91,130.28,130.28,4324000,0.0,0.0
2021-08-13,131.05,137.5,130.61,135.49,135.49,5583600,0.0,0.0
2021-08-16,135.51,136.22,129.29,133.52,133.52,2893900,0.0,0.0
2021-08-17,132.62,134.19,131.04,133.0,133.0,1622800,0.0,0.0
2021-08-18,133.0,134.52,131.13,132.68,132.68,1844900,0.0,0.0
2021-08-19,131.3,137.11,129.68,132.42,132.42,3016400,0.0,0.0
2021-08-20,131.71,132.87,129.04,131.15,131.15,2779400,0.0,0.0
2021-08-23,131.07,132.8,129.84,132.5,132.5,2664000,0.0,0.0
2021-08-24,133.7,137.66,133.23,135.48,135.48,2445500,0.0,0.0
2021-08-25,135.45,136.78,134.29,135.63,135.63,2118300,0.0,0.0
2021-08-26,135.09,139.17,131.23,131.3,131.3,4116600,0.0,0.0
2021-08-27,131.87,136.65,131.6,134.84,134.84,2071500,0.0,0.0
2021-08-30,135.61,138.47,134.21,136.63,136.63,2020100,0.0,0.0
2021-08-31,136.99,138.12,134.73,137.8,137.8,2120000,0.0,0.0
2021-09-01,138.08,139.68,135.71,135.77,135.77,2945000,0.0,0.0
2021-09-02,136.63,137.35,135.18,137.09,137.09,2009300,0.0,0.0
2021-09-03,137.22,139.53,136.42,138.06,138.06,1936400,0.0,0.0
2021-09-07,138.18,138.83,135.76,137.36,137.36,2532000,0.0,0.0
2021-09-08,136.03,141.14,133.03,139.57,139.57,4792400,0.0,0.0
2021-09-09,140.0,143.12,139.15,140.9,140.9,3502500,0.0,0.0
2021-09-10,141.74,142.79,136.87,137.15,137.15,2653100,0.0,0.0
2021-09-13,137.28,138.22,131.39,135.23,135.23,3218300,0.0,0.0
2021-09-14,135.72,138.57,134.5,138.12,138.12,2423700,0.0,0.0
2021-09-15,137.49,139.21,136.87,139.11,139.11,1775800,0.0,0.0
2021-09-16,139.19,144.63,138.87,144.14,144.14,2799100,0.0,0.0
2021-09-17,144.93,145.86,141.91,143.13,143.13,3391100,0.0,0.0
2021-09-20,138.6,143.34,137.59,142.25,142.25,2447000,0.0,0.0
2021-09-21,143.32,146.25,142.11,145.38,145.38,3325300,0.0,0.0
2021-09-22,145.83,149.57,145.46,148.69,148.69,2894700,0.0,0.0
2021-09-23,150.67,150.67,146.36,147.5,147.5,2253400,0.0,0.0
2021-09-24,146.3,147.94,143.59,147.32,147.32,1792900,0.0,0.0
2021-09-27,145.57,145.98,139.93,142.0,142.0,2687100,0.0,0.0
2021-09-28,138.86,139.89,135.39,137.4,137.4,3040700,0.0,0.0
2021-09-29,138.82,140.47,136.55,138.14,138.14,1812500,0.0,0.0
2021-09-30,138.98,142.73,138.82,141.35,141.35,2229700,0.0,0.0
2021-10-01,142.02,145.3,140.88,144.69,144.69,2802700,0.0,0.0
2021-10-04,143.59,143.59,134.63,137.1,137.1,2695800,0.0,0.0
2021-10-05,137.23,142.57,137.2,141.89,141.89,1643600,0.0,0.0
2021-10-06,140.87,146.15,140.21,143.31,143.31,2147400,0.0,0.0
2021-10-07,143.56,146.05,142.07,142.1,142.1,1911800,0.0,0.0
2021-10-08,143.18,143.91,140.1,140.32,140.32,1360800,0.0,0.0
2021-10-11,139.01,144.18,138.39,141.96,141.96,1282400,0.0,0.0
2021-10-12,143.99,147.25,141.55,145.59,145.59,2046800,0.0,0.0
2021-10-13,146.86,156.8,146.36,155.89,155.89,5675100,0.0,0.0
2021-10-14,157.5,159.92,152.65,153.36,153.36,3926500,0.0,0.0
2021-10-15,153.72,156.16,151.24,154.48,154.48,2062200,0.0,0.0
2021-10-18,154.95,159.12,154.5,157.42,157.42,1727700,0.0,0.0
2021-10-19,158.0,160.44,156.01,157.94,157.94,3479800,0.0,0.0
2021-10-20,159.43,159.86,154.75,158.85,158.85,2322400,0.0,0.0
2021-10-21,159.45,162.36,158.74,160.92,160.92,1328000,0.0,0.0
2021-10-22,160.94,162.93,158.61,162.39,162.39,1602000,0.0,0.0
2021-10-25,161.98,164.15,160.58,161.58,161.58,2206400,0.0,0.0
2021-10-26,164.58,165.34,159.42,163.87,163.87,1937000,0.0,0.0
2021-10-27,163.0,164.17,155.5,157.09,157.09,3922800,0.0,0.0
2021-10-28,156.18,161.19,154.36,161.0,161.0,1836400,0.0,0.0
2021-10-29,161.92,168.73,161.38,167.05,167.05,2731500,0.0,0.0
2021-11-01,167.46,169.19,162.22,165.2,165.2,2903900,0.0,0.0
2021-11-02,166.03,166.44,160.65,164.88,164.88,1869600,0.0,0.0
2021-11-03,164.5,164.98,161.5,162.79,162.79,2002900,0.0,0.0
2021-11-04,163.0,168.19,161.55,166.95,166.95,3007800,0.0,0.0
2021-11-05,193.89,194.0,177.48,185.51,185.51,8999900,0.0,0.0
2021-11-08,186.29,194.35,184.88,191.35,191.35,4420700,0.0,0.0
2021-11-09,195.6,197.69,190.72,196.56,196.56,3764100,0.0,0.0
2021-11-10,194.0,196.51,184.82,188.8,188.8,3662200,0.0,0.0
2021-11-11,191.05,196.49,189.66,190.34,190.34,2425200,0.0,0.0
2021-11-12,190.79,194.21,189.6,193.03,193.03,1829900,0.0,0.0
2021-11-15,194.59,194.67,186.32,191.0,191.0,2476100,0.0,0.0
2021-11-16,188.15,193.6,186.33,193.26,193.26,3230800,0.0,0.0
2021-11-17,193.75,199.68,189.53,190.26,190.26,2943200,0.0,0.0
2021-11-18,191.39,195.05,188.01,190.6,190.6,2212900,0.0,0.0
2021-11-19,197.7,197.87,192.0,192.6,192.6,2445100,0.0,0.0
2021-11-22,193.0,193.0,178.2,180.75,180.75,4303000,0.0,0.0
2021-11-23,170.61,181.25,168.08,179.42,179.42,6193600,0.0,0.0
2021-11-24,174.57,182.9,171.24,180.34,180.34,2900600,0.0,0.0
2021-11-26,180.0,184.91,178.22,181.25,181.25,1647700,0.0,0.0
2021-11-29,183.8,187.7,180.75,182.99,182.99,4163000,0.0,0.0
2021-11-30,183.28,186.29,174.0,178.29,178.29,4149800,0.0,0.0
2021-12-01,182.85,185.0,161.31,164.53,164.53,6257100,0.0,0.0
2021-12-02,159.6,169.82,158.16,169.44,169.44,4291000,0.0,0.0
2021-12-03,168.88,168.88,152.82,164.22,164.22,5138500,0.0,0.0
2021-12-06,160.43,163.55,153.28,161.41,161.41,4257200,0.0,0.0
2021-12-07,165.37,177.55,165.03,177.01,177.01,4073900,0.0,0.0
2021-12-08,177.59,184.37,173.41,183.16,183.16,2793800,0.0,0.0
2021-12-09,183.5,185.95,173.17,175.41,175.41,2811200,0.0,0.0
2021-12-10,177.71,183.16,173.23,174.56,174.56,2625300,0.0,0.0
2021-12-13,174.94,182.25,169.06,172.03,172.03,3405700,0.0,0.0
2021-12-14,157.32,163.62,153.75,160.78,160.78,6585600,0.0,0.0
2021-12-15,161.22,171.82,160.03,171.02,171.02,3741800,0.0,0.0
2021-12-16,172.4,173.0,161.32,164.05,164.05,3377500,0.0,0.0
2021-12-17,160.0,171.38,158.75,170.16,170.16,17400800,0.0,0.0
2021-12-20,163.8,168.85,158.58,164.38,164.38,3837100,0.0,0.0
2021-12-21,166.99,177.64,163.93,177.49,177.49,3523300,0.0,0.0
2021-12-22,176.98,183.31,174.27,179.68,179.68,2765400,0.0,0.0
2021-12-23,179.41,182.0,175.73,180.36,180.36,1965900,0.0,0.0
2021-12-27,182.0,184.86,179.77,183.47,183.47,3091600,0.0,0.0
2021-12-28,185.7,186.28,176.29,177.42,177.42,1691500,0.0,0.0
2021-12-29,176.81,180.77,172.71,179.71,179.71,1118500,0.0,0.0
2021-12-30,179.99,181.7,177.51,178.93,178.93,1397800,0.0,0.0
2021-12-31,179.19,181.3,178.01,178.11,178.11,1286900,0.0,0.0
2022-01-03,178.75,180.28,162.0,163.83,163.83,4503400,0.0,0.0
2022-01-04,163.44,163.44,148.86,157.76,157.76,6373000,0.0,0.0
2022-01-05,152.45,154.5,144.73,145.52,145.52,7248100,0.0,0.0
2022-01-06,145.69,151.34,142.58,143.89,143.89,5939600,0.0,0.0
2022-01-07,144.0,148.59,140.59,143.79,143.79,2553200,0.0,0.0
2022-01-10,139.78,146.52,134.17,146.33,146.33,4963700,0.0,0.0
2022-01-11,144.8,150.12,143.5,148.6,148.6,2866800,0.0,0.0
2022-01-12,150.38,153.6,144.36,146.33,146.33,2303600,0.0,0.0
2022-01-13,145.75,147.81,134.94,135.13,135.13,4061900,0.0,0.0
2022-01-14,135.34,139.73,132.65,138.28,138.28,4274500,0.0,0.0
2022-01-18,132.96,139.85,131.21,131.87,131.87,4618100,0.0,0.0
2022-01-19,133.21,137.37,130.63,130.91,130.91,3824800,0.0,0.0
2022-01-20,132.88,139.69,129.35,130.01,130.01,3174900,0.0,0.0
2022-01-21,128.26,134.48,125.36,125.55,125.55,4075300,0.0,0.0
2022-01-24,121.75,137.5,119.19,136.07,136.07,7406800,0.0,0.0
2022-01-25,134.19,134.19,124.9,125.14,125.14,4930400,0.0,0.0
2022-01-26,132.54,139.49,126.07,128.04,128.04,6942900,0.0,0.0
2022-01-27,131.28,135.13,127.39,128.15,128.15,3204500,0.0,0.0
2022-01-28,130.31,137.53,122.69,136.96,136.96,4943100,0.0,0.0
2022-01-31,136.96,147.74,136.96,146.11,146.11,4826800,0.0,0.0
2022-02-01,147.89,149.95,141.92,147.78,147.78,4089600,0.0,0.0
2022-02-02,146.27,147.0,139.36,142.2,142.2,4029100,0.0,0.0
2022-02-03,138.11,141.88,135.11,138.02,138.02,3362800,0.0,0.0
2022-02-04,141.86,153.94,139.18,150.26,150.26,5644600,0.0,0.0
2022-02-07,150.75,161.85,150.55,152.62,152.62,5269600,0.0,0.0
2022-02-08,149.25,154.64,148.19,151.73,151.73,3809300,0.0,0.0
2022-02-09,152.92,156.2,148.49,155.5,155.5,5473900,0.0,0.0
2022-02-10,170.37,184.7,167.1,174.6,174.6,15866100,0.0,0.0
2022-02-11,176.42,181.47,164.92,167.4,167.4,6462600,0.0,0.0
2022-02-14,164.39,170.0,160.4,164.35,164.35,6198100,0.0,0.0
2022-02-15,169.2,169.82,162.54,168.99,168.99,5164000,0.0,0.0
2022-02-16,165.81,175.89,164.43,173.92,173.92,4046400,0.0,0.0
2022-02-17,170.34,172.62,162.64,165.81,165.81,5091300,0.0,0.0
2022-02-18,167.47,167.89,156.97,159.02,159.02,4435900,0.0,0.0
2022-02-22,160.9,165.16,157.1,158.94,158.94,3643300,0.0,0.0
2022-02-23,156.45,158.94,148.5,149.44,149.44,4749900,0.0,0.0
2022-02-24,143.75,160.54,142.63,159.86,159.86,6006400,0.0,0.0
2022-02-25,159.44,161.65,154.87,161.41,161.41,3120000,0.0,0.0
2022-02-28,162.1,166.0,159.23,161.11,161.11,4705800,0.0,0.0
2022-03-01,160.24,166.99,158.19,159.97,159.97,3669000,0.0,0.0
2022-03-02,159.0,165.02,153.62,164.48,164.48,3383700,0.0,0.0
2022-03-03,159.58,160.69,145.94,148.46,148.46,5403500,0.0,0.0
2022-03-04,149.0,151.19,140.6,142.19,142.19,3763700,0.0,0.0
2022-03-07,144.44,144.89,128.96,130.11,130.11,6761500,0.0,0.0
2022-03-08,129.99,132.16,121.15,127.13,127.13,6633900,0.0,0.0
2022-03-09,133.15,143.62,131.72,142.83,142.83,6419700,0.0,0.0
2022-03-10,139.63,142.53,135.95,140.16,140.16,3091700,0.0,0.0
2022-03-11,142.43,142.46,126.28,127.02,127.02,4354600,0.0,0.0
2022-03-14,127.0,127.0,113.89,118.76,118.76,6698200,0.0,0.0
2022-03-15,120.36,121.86,115.54,120.94,120.94,3475800,0.0,0.0
2022-03-16,123.96,135.5,122.73,132.24,132.24,5705000,0.0,0.0
2022-03-17,131.29,139.0,130.25,137.74,137.74,3042600,0.0,0.0
2022-03-18,136.44,147.95,135.76,145.76,145.76,4945900,0.0,0.0
2022-03-21,142.89,145.47,134.63,140.14,140.14,3767400,0.0,0.0
2022-03-22,142.19,151.92,140.49,148.65,148.65,4634200,0.0,0.0
2022-03-23,145.5,152.62,142.02,146.44,146.44,2971900,0.0,0.0
2022-03-24,147.94,152.47,143.75,152.21,152.21,2787000,0.0,0.0
2022-03-25,152.0,153.2,142.03,146.84,146.84,2755700,0.0,0.0
2022-03-28,146.36,151.32,143.51,149.35,149.35,2365900,0.0,0.0
2022-03-29,153.96,157.35,148.83,155.41,155.41,6686200,0.0,0.0
2022-03-30,153.0,158.24,148.54,149.66,149.66,3240400,0.0,0.0
2022-03-31,150.73,156.16,148.01,151.47,151.47,3879700,0.0,0.0
2022-04-01,150.98,156.42,149.89,153.5,153.5,3290100,0.0,0.0
2022-04-04,154.03,159.0,153.27,156.56,156.56,2674900,0.0,0.0
2022-04-05,156.85,157.37,143.91,146.9,146.9,4437100,0.0,0.0
2022-04-06,142.43,143.38,134.05,137.27,137.27,4017400,0.0,0.0
2022-04-07,136.11,140.75,132.86,137.24,137.24,2340600,0.0,0.0
2022-04-08,134.79,137.28,132.13,134.29,134.29,2377200,0.0,0.0
2022-04-11,131.63,137.87,130.68,135.09,135.09,2726900,0.0,0.0
2022-04-12,140.0,145.19,134.8,135.5,135.5,2991300,0.0,0.0
2022-04-13,134.95,144.42,134.75,142.87,142.87,2855000,0.0,0.0
2022-04-14,142.67,142.85,135.35,136.04,136.04,2311100,0.0,0.0
2022-04-18,135.0,135.59,127.06,131.11,131.11,2213800,0.0,0.0
2022-04-19,131.43,138.8,129.92,137.28,137.28,3000200,0.0,0.0
2022-04-20,138.58,138.58,130.2,131.62,131.62,2124200,0.0,0.0
2022-04-21,133.65,137.44,121.21,121.82,121.82,3134900,0.0,0.0
2022-04-22,123.41,125.39,117.94,118.4,118.4,4421700,0.0,0.0
2022-04-25,118.49,124.6,117.86,121.68,121.68,9132000,0.0,0.0
2022-04-26,121.61,124.79,118.2,119.35,119.35,5972800,0.0,0.0
2022-04-27,122.61,127.43,119.61,120.44,120.44,4202200,0.0,0.0
2022-04-28,124.09,130.7,121.0,128.47,128.47,3880200,0.0,0.0
2022-04-29,126.51,130.66,120.36,120.78,120.78,3902300,0.0,0.0
2022-05-02,119.94,123.34,116.18,120.2,120.2,4289300,0.0,0.0
2022-05-03,119.07,121.17,112.8,114.89,114.89,5419500,0.0,0.0
2022-05-04,116.07,119.33,104.77,119.0,119.0,6707800,0.0,0.0
2022-05-05,118.0,124.43,106.86,111.87,111.87,11142000,0.0,0.0
2022-05-06,109.75,118.6,101.37,110.0,110.0,8274800,0.0,0.0
2022-05-09,105.1,108.06,96.08,97.53,97.53,8865800,0.0,0.0
2022-05-10,101.35,104.51,92.39,98.31,98.31,7323500,0.0,0.0
2022-05-11,96.13,104.74,94.18,97.87,97.87,7493100,0.0,0.0
2022-05-12,95.5,105.62,92.61,98.83,98.83,7124100,0.0,0.0
2022-05-13,103.15,109.73,101.61,108.86,108.86,6217000,0.0,0.0
2022-05-16,106.83,108.93,96.1,97.19,97.19,6186200,0.0,0.0
2022-05-17,100.38,102.0,87.56,95.05,95.05,9610400,0.0,0.0
2022-05-18,94.13,95.05,84.69,88.07,88.07,9012000,0.0,0.0
2022-05-19,89.83,100.61,88.9,96.53,96.53,8149000,0.0,0.0
2022-05-20,98.52,100.93,90.18,94.79,94.79,6090900,0.0,0.0
2022-05-23,94.53,95.96,90.16,93.93,93.93,4170900,0.0,0.0
2022-05-24,91.93,92.66,84.14,85.81,85.81,4988000,0.0,0.0
2022-05-25,84.69,90.38,83.85,88.73,88.73,5822900,0.0,0.0
2022-05-26,83.21,91.61,82.15,89.63,89.63,6696100,0.0,0.0
2022-05-27,91.02,98.18,90.63,98.07,98.07,6535300,0.0,0.0
2022-05-31,98.16,99.39,93.64,95.39,95.39,5545000,0.0,0.0
2022-06-01,96.84,103.88,95.53,97.5,97.5,6668900,0.0,0.0
2022-06-02,97.39,116.62,96.2,110.08,110.08,15399700,0.0,0.0
2022-06-03,106.82,110.95,103.78,105.44,105.44,5765000,0.0,0.0
2022-06-06,108.38,109.41,102.38,103.16,103.16,3962100,0.0,0.0
2022-06-07,101.58,110.4,101.17,108.06,108.06,4300800,0.0,0.0
2022-06-08,106.56,111.82,106.56,107.35,107.35,3668800,0.0,0.0
2022-06-09,107.33,110.92,103.0,103.64,103.64,5852300,0.0,0.0
2022-06-10,100.89,100.98,93.81,96.2,96.2,5025900,0.0,0.0
2022-06-13,90.63,94.11,85.74,86.14,86.14,6710100,0.0,0.0
2022-06-14,87.45,89.86,84.7,87.11,87.11,4384000,0.0,0.0
2022-06-15,86.13,91.3,84.0,89.35,89.35,8527500,0.0,0.0
2022-06-16,85.48,87.79,81.12,81.99,81.99,6016300,0.0,0.0
2022-06-17,82.31,87.22,81.92,85.63,85.63,5898600,0.0,0.0
2022-06-21,88.0,93.14,87.15,90.31,90.31,4348000,0.0,0.0
2022-06-22,88.5,95.15,87.93,91.09,91.09,3656100,0.0,0.0
2022-06-23,92.54,102.21,91.3,100.6,100.6,7341000,0.0,0.0
2022-06-24,102.54,107.81,102.25,107.48,107.48,6597000,0.0,0.0
2022-06-27,106.16,107.91,102.04,105.2,105.2,4215400,0.0,0.0
2022-06-28,104.8,106.97,96.13,97.32,97.32,4468900,0.0,0.0
2022-06-29,97.1,100.95,95.12,98.37,98.37,3126200,0.0,0.0
2022-06-30,97.08,97.59,90.46,95.24,95.24,4417300,0.0,0.0
2022-07-01,95.25,101.2,95.09,101.05,101.05,3821800,0.0,0.0
2022-07-05,100.92,110.08,98.06,108.38,108.38,6543700,0.0,0.0
2022-07-06,108.85,112.58,105.9,108.03,108.03,4086400,0.0,0.0
2022-07-07,107.53,110.82,106.89,107.7,107.7,4422700,0.0,0.0
2022-07-08,105.3,111.41,103.22,108.29,108.29,3961700,0.0,0.0
2022-07-11,106.41,107.09,101.07,104.01,104.01,3211400,0.0,0.0
2022-07-12,104.69,107.25,95.57,97.32,97.32,6087300,0.0,0.0
2022-07-13,95.26,101.14,92.13,97.34,97.34,4852500,0.0,0.0
2022-07-14,96.3,96.49,91.56,93.78,93.78,3206700,0.0,0.0
2022-07-15,94.65,96.78,92.22,93.6,93.6,4460700,0.0,0.0
2022-07-18,95.37,96.77,90.8,91.04,91.04,4985200,0.0,0.0
2022-07-19,92.85,93.4,87.8,92.96,92.96,4748900,0.0,0.0
2022-07-20,96.23,102.47,95.23,100.88,100.88,5223300,0.0,0.0
2022-07-21,100.37,102.1,98.55,101.23,101.23,3835900,0.0,0.0
2022-07-22,100.9,106.21,93.57,93.79,93.79,4743200,0.0,0.0
2022-07-25,94.0,94.01,89.46,90.49,90.49,3534300,0.0,0.0
2022-07-26,89.35,89.35,84.46,85.72,85.72,5900300,0.0,0.0
2022-07-27,90.19,95.02,87.78,94.06,94.06,6819900,0.0,0.0
2022-07-28,93.32,96.3,91.41,95.72,95.72,4152500,0.0,0.0
2022-07-29,98.5,102.3,96.87,102.01,102.01,6692000,0.0,0.0
2022-08-01,99.8,105.53,97.62,103.45,103.45,4757600,0.0,0.0
2022-08-02,101.1,108.79,100.89,106.37,106.37,3649900,0.0,0.0
2022-08-03,107.18,113.08,106.55,112.42,112.42,5515600,0.0,0.0
2022-08-04,103.26,111.54,102.1,110.49,110.49,13692900,0.0,0.0
2022-08-05,106.2,115.53,105.69,113.29,113.29,6396000,0.0,0.0
2022-08-08,113.29,119.23,112.31,112.98,112.98,5438000,0.0,0.0
2022-08-09,110.95,112.01,107.49,109.76,109.76,4858800,0.0,0.0
2022-08-10,116.46,118.77,116.05,117.76,117.76,5254000,0.0,0.0
2022-08-11,119.51,120.75,113.84,114.78,114.78,4500000,0.0,0.0
2022-08-12,116.0,116.15,113.38,115.72,115.72,3434600,0.0,0.0
2022-08-15,115.25,117.9,113.67,116.2,116.2,2191000,0.0,0.0
2022-08-16,114.51,114.88,109.57,113.54,113.54,4006900,0.0,0.0
2022-08-17,111.09,112.21,108.29,110.02,110.02,2909600,0.0,0.0
2022-08-18,109.29,110.82,108.6,109.45,109.45,2150500,0.0,0.0
2022-08-19,107.36,107.36,102.98,105.73,105.73,4244500,0.0,0.0
2022-08-22,102.35,103.89,100.28,101.85,101.85,3979600,0.0,0.0
2022-08-23,102.55,104.8,101.12,102.99,102.99,2748800,0.0,0.0
2022-08-24,102.62,106.34,102.21,105.3,105.3,2678900,0.0,0.0
2022-08-25,109.75,111.78,107.37,110.38,110.38,3789400,0.0,0.0
2022-08-26,109.83,113.05,106.42,106.73,106.73,3712400,0.0,0.0
2022-08-29,104.39,108.0,104.26,105.29,105.29,2415700,0.0,0.0
2022-08-30,106.22,108.21,102.45,104.61,104.61,2425800,0.0,0.0
2022-08-31,106.58,109.78,103.07,104.95,104.95,3851500,0.0,0.0
2022-09-01,101.88,101.88,93.2,97.14,97.14,7602200,0.0,0.0
2022-09-02,99.19,100.6,95.5,96.94,96.94,3771300,0.0,0.0
2022-09-06,96.63,96.63,92.15,92.33,92.33,3674400,0.0,0.0
2022-09-07,92.09,96.06,91.15,95.62,95.62,2760700,0.0,0.0
2022-09-08,94.35,99.42,93.6,97.89,97.89,3681800,0.0,0.0
2022-09-09,100.0,101.29,99.28,100.54,100.54,4772200,0.0,0.0
2022-09-12,102.07,104.95,101.62,104.39,104.39,4014300,0.0,0.0
2022-09-13,97.0,99.14,95.84,96.63,96.63,5023800,0.0,0.0
2022-09-14,98.34,100.13,96.04,97.03,97.03,3540600,0.0,0.0
2022-09-15,95.26,100.81,94.59,95.36,95.36,5118400,0.0,0.0
2022-09-16,91.76,92.11,89.52,91.25,91.25,6118100,0.0,0.0
2022-09-19,90.35,93.94,90.15,93.8,93.8,3480400,0.0,0.0
2022-09-20,92.97,95.0,91.87,93.57,93.57,2996900,0.0,0.0
2022-09-21,95.5,99.42,93.59,94.51,94.51,4185200,0.0,0.0
2022-09-22,93.92,95.36,89.36,89.44,89.44,5836500,0.0,0.0
2022-09-23,88.15,89.95,86.09,87.28,87.28,5433100,0.0,0.0
2022-09-26,87.15,90.07,86.26,86.41,86.41,2728500,0.0,0.0
2022-09-27,88.14,89.58,86.69,87.74,87.74,2875900,0.0,0.0
2022-09-28,88.11,90.38,86.94,89.76,89.76,3099200,0.0,0.0
2022-09-29,87.5,89.12,85.84,87.45,87.45,3242200,0.0,0.0
2022-09-30,87.86,91.46,86.8,88.78,88.78,4006100,0.0,0.0
2022-10-03,89.61,91.72,86.55,90.94,90.94,3244400,0.0,0.0
2022-10-04,94.99,96.87,94.56,95.35,95.35,4950400,0.0,0.0
2022-10-05,92.87,96.15,90.67,95.11,95.11,3490600,0.0,0.0
2022-10-06,94.75,97.31,93.1,93.66,93.66,2376400,0.0,0.0
2022-10-07,90.82,90.9,87.32,88.06,88.06,3011000,0.0,0.0
2022-10-10,87.61,88.39,81.87,84.02,84.02,4515700,0.0,0.0
2022-10-11,84.83,85.37,80.43,82.72,82.72,3822000,0.0,0.0
2022-10-12,82.63,83.6,80.26,82.35,82.35,3262800,0.0,0.0
2022-10-13,77.34,82.27,75.59,80.9,80.9,5417900,0.0,0.0
2022-10-14,82.62,83.33,75.54,75.69,75.69,4197100,0.0,0.0
2022-10-17,79.36,81.99,78.53,80.79,80.79,4401000,0.0,0.0
2022-10-18,84.82,85.15,81.13,81.78,81.78,3665800,0.0,0.0
2022-10-19,80.24,80.85,78.06,79.0,79.0,2828300,0.0,0.0
2022-10-20,81.72,86.22,80.62,82.34,82.34,5595400,0.0,0.0
2022-10-21,80.9,82.3,77.65,82.15,82.15,4779900,0.0,0.0
2022-10-24,82.98,82.98,79.37,82.43,82.43,2961400,0.0,0.0
2022-10-25,82.98,89.04,82.98,88.75,88.75,5505900,0.0,0.0
2022-10-26,81.58,86.69,80.49,81.5,81.5,5823100,0.0,0.0
2022-10-27,83.0,84.64,81.38,82.16,82.16,4096100,0.0,0.0
2022-10-28,78.45,81.4,75.95,81.13,81.13,7762200,0.0,0.0
2022-10-31,80.88,82.5,79.75,80.51,80.51,4077500,0.0,0.0
2022-11-01,83.24,84.05,79.5,80.8,80.8,3507800,0.0,0.0
2022-11-02,79.12,79.24,74.38,74.48,74.48,8664700,0.0,0.0
2022-11-03,78.8,79.03,74.8,75.01,75.01,10609700,0.0,0.0
2022-11-04,75.3,75.59,68.7,70.38,70.38,8624200,0.0,0.0
2022-11-07,71.1,71.39,68.68,69.48,69.48,4581800,0.0,0.0
2022-11-08,70.2,72.72,67.85,70.49,70.49,3790000,0.0,0.0
2022-11-09,69.6,69.63,66.45,67.22,67.22,3879700,0.0,0.0
2022-11-10,76.09,78.69,74.54,76.52,76.52,10430700,0.0,0.0
2022-11-11,77.01,83.69,76.06,82.35,82.35,5972900,0.0,0.0
2022-11-14,81.3,81.76,77.53,78.12,78.12,4776000,0.0,0.0
2022-11-15,82.43,86.88,82.28,86.1,86.1,7190600,0.0,0.0
2022-11-16,84.5,84.67,81.4,82.44,82.44,4891000,0.0,0.0
2022-11-17,78.89,81.2,77.5,79.0,79.0,3313900,0.0,0.0
2022-11-18,80.22,80.82,74.55,76.52,76.52,4517400,0.0,0.0
2022-11-21,75.12,75.86,73.32,73.35,73.35,2739600,0.0,0.0
2022-11-22,73.35,73.36,70.47,72.33,72.33,5026100,0.0,0.0
2022-11-23,72.59,75.98,71.4,75.31,75.31,3471300,0.0,0.0
2022-11-25,74.67,75.05,72.66,74.84,74.84,3334600,0.0,0.0
2022-11-28,74.36,75.25,73.18,73.47,73.47,2362400,0.0,0.0
2022-11-29,73.98,74.14,71.82,72.06,72.06,2599900,0.0,0.0
2022-11-30,71.26,75.9,70.07,75.78,75.78,6055300,0.0,0.0
2022-12-01,75.21,78.94,74.93,77.97,77.97,4252500,0.0,0.0
2022-12-02,75.47,76.37,72.67,74.71,74.71,5145100,0.0,0.0
2022-12-05,74.23,75.32,69.53,70.26,70.26,4528500,0.0,0.0
2022-12-06,70.43,70.5,67.33,68.58,68.58,4096300,0.0,0.0
2022-12-07,71.34,71.34,68.22,68.28,68.28,4613600,0.0,0.0
2022-12-08,69.93,75.24,68.59,74.02,74.02,6946200,0.0,0.0
2022-12-09,74.3,76.71,73.24,74.56,74.56,4638000,0.0,0.0
2022-12-12,74.86,78.48,74.36,76.99,76.99,4703900,0.0,0.0
2022-12-13,83.14,85.44,79.0,79.71,79.71,6809600,0.0,0.0
2022-12-14,82.71,83.6,79.05,80.48,80.48,5196600,0.0,0.0
2022-12-15,78.5,81.54,77.89,78.31,78.31,3833200,0.0,0.0
2022-12-16,77.91,78.9,75.95,77.83,77.83,4462500,0.0,0.0
2022-12-19,77.75,78.42,75.81,76.05,76.05,3053300,0.0,0.0
2022-12-20,75.0,76.8,74.38,75.98,75.98,3021000,0.0,0.0
2022-12-21,75.67,77.98,73.55,77.17,77.17,2546800,0.0,0.0
2022-12-22,75.23,75.92,71.9,72.95,72.95,3365500,0.0,0.0
2022-12-23,72.29,72.78,70.86,72.42,72.42,2124600,0.0,0.0
2022-12-27,71.7,72.2,69.88,70.57,70.57,2213800,0.0,0.0
2022-12-28,70.36,71.7,69.3,69.84,69.84,2160900,0.0,0.0
2022-12-29,70.48,74.18,70.03,73.94,73.94,3279400,0.0,0.0
2022-12-30,72.21,73.82,72.18,73.5,73.5,2185200,0.0,0.0
2023-01-03,75.19,76.6,70.45,72.09,72.09,3551000,0.0,0.0
2023-01-04,72.12,72.6,67.82,68.96,68.96,5188100,0.0,0.0
2023-01-05,67.8,68.01,63.39,63.5,63.5,7975700,0.0,0.0
2023-01-06,63.16,64.67,61.34,64.14,64.14,5092100,0.0,0.0
2023-01-09,65.8,67.83,64.89,65.94,65.94,4237800,0.0,0.0
2023-01-10,65.22,66.88,63.56,66.77,66.77,3654000,0.0,0.0
2023-01-11,67.2,69.28,66.14,69.03,69.03,3865500,0.0,0.0
2023-01-12,69.79,69.79,65.84,69.21,69.21,4390800,0.0,0.0
2023-01-13,67.75,70.65,67.43,70.47,70.47,2926300,0.0,0.0
2023-01-17,70.19,73.73,68.8,73.06,73.06,3851200,0.0,0.0
2023-01-18,74.46,74.79,69.62,69.7,69.7,3478900,0.0,0.0
2023-01-19,69.23,70.02,66.85,67.43,67.43,3626700,0.0,0.0
2023-01-20,68.23,71.14,67.81,71.05,71.05,3417800,0.0,0.0
2023-01-23,71.38,75.51,70.26,75.29,75.29,4425800,0.0,0.0
2023-01-24,74.45,76.43,73.29,73.69,73.69,4761400,0.0,0.0
2023-01-25,69.36,71.72,65.61,70.75,70.75,10284600,0.0,0.0
2023-01-26,73.17,76.04,71.77,76.0,76.0,6877500,0.0,0.0
2023-01-27,73.58,78.63,73.56,77.23,77.23,7438900,0.0,0.0
2023-01-30,75.43,76.18,72.79,73.84,73.84,4407800,0.0,0.0
2023-01-31,73.97,74.9,72.82,74.81,74.81,3199000,0.0,0.0
2023-02-01,76.16,82.73,75.54,82.7,82.7,7960200,0.0,0.0
2023-02-02,86.69,88.85,85.46,86.97,86.97,7919800,0.0,0.0
2023-02-03,81.01,84.44,79.43,79.46,79.46,7029800,0.0,0.0
2023-02-06,76.77,79.6,76.51,76.96,76.96,4236200,0.0,0.0
2023-02-07,77.28,80.77,75.54,80.32,80.32,4427300,0.0,0.0
2023-02-08,81.52,84.33,81.1,82.66,82.66,5737200,0.0,0.0
2023-02-09,84.6,85.38,82.57,83.4,83.4,5254600,0.0,0.0
2023-02-10,81.09,81.9,78.88,80.52,80.52,4321200,0.0,0.0
2023-02-13,81.25,84.02,79.89,82.24,82.24,5301300,0.0,0.0
2023-02-14,81.0,86.46,80.51,85.48,85.48,4918900,0.0,0.0
2023-02-15,86.57,90.01,86.29,88.72,88.72,8780800,0.0,0.0
2023-02-16,80.92,89.51,80.62,82.47,82.47,15005200,0.0,0.0
2023-02-17,82.32,82.68,79.0,79.99,79.99,5925100,0.0,0.0
2023-02-21,77.48,79.58,77.3,78.52,78.52,4109800,0.0,0.0
2023-02-22,79.23,80.89,78.34,79.96,79.96,3392800,0.0,0.0
2023-02-23,81.17,81.5,77.2,78.7,78.7,3277500,0.0,0.0
2023-02-24,75.59,77.25,75.31,76.67,76.67,3665500,0.0,0.0
2023-02-27,77.75,78.8,76.59,77.6,77.6,3210700,0.0,0.0
2023-02-28,77.59,78.01,76.17,76.52,76.52,3640600,0.0,0.0
2023-03-01,76.84,77.3,74.79,75.22,75.22,2880300,0.0,0.0
2023-03-02,73.0,75.07,72.89,74.1,74.1,5386100,0.0,0.0
2023-03-03,74.28,77.34,74.28,76.98,76.98,4686900,0.0,0.0
2023-03-06,77.41,78.18,76.39,76.58,76.58,3680400,0.0,0.0
2023-03-07,76.58,77.39,74.37,74.82,74.82,3326000,0.0,0.0
2023-03-08,74.54,75.22,70.99,71.98,71.98,7343800,0.0,0.0
2023-03-09,71.03,74.52,69.86,69.91,69.91,5495600,0.0,0.0
2023-03-10,69.25,69.9,63.93,65.14,65.14,12580600,0.0,0.0
2023-03-13,65.24,67.57,62.99,66.24,66.24,7981300,0.0,0.0
2023-03-14,67.57,68.35,64.5,65.96,65.96,6524000,0.0,0.0
2023-03-15,65.23,68.22,64.52,67.54,67.54,8149800,0.0,0.0
2023-03-16,67.92,69.75,67.22,69.21,69.21,5680700,0.0,0.0
2023-03-17,69.21,69.96,67.85,68.62,68.62,4743100,0.0,0.0
2023-03-20,67.63,67.69,64.75,66.21,66.21,7059500,0.0,0.0
2023-03-21,67.17,69.96,67.01,69.67,69.67,4167900,0.0,0.0
2023-03-22,69.82,70.02,66.13,66.19,66.19,4435000,0.0,0.0
2023-03-23,68.08,69.54,66.43,67.44,67.44,3668800,0.0,0.0
2023-03-24,67.0,67.25,63.54,65.24,65.24,6145300,0.0,0.0
2023-03-27,65.75,67.2,65.34,65.6,65.6,3825200,0.0,0.0
2023-03-28,65.6,67.89,65.34,67.73,67.73,4521100,0.0,0.0
2023-03-29,68.98,69.0,66.96,68.1,68.1,3515500,0.0,0.0
2023-03-30,68.98,69.78,67.57,67.91,67.91,2945700,0.0,0.0
2023-03-31,68.24,73.3,68.2,72.66,72.66,6671700,0.0,0.0
2023-04-03,71.61,72.16,69.88,70.67,70.67,3624600,0.0,0.0
2023-04-04,70.7,71.29,68.88,69.32,69.32,3737500,0.0,0.0
2023-04-05,68.83,69.09,64.68,66.11,66.11,5246400,0.0,0.0
2023-04-06,65.59,66.38,63.68,65.83,65.83,4053600,0.0,0.0
2023-04-10,64.95,66.2,62.81,66.14,66.14,4889400,0.0,0.0
2023-04-11,64.76,66.15,63.96,64.85,64.85,5628900,0.0,0.0
2023-04-12,67.22,68.79,65.92,66.84,66.84,5983000,0.0,0.0
2023-04-13,67.59,69.81,67.42,68.08,68.08,4113300,0.0,0.0
2023-04-14,67.41,68.97,66.09,67.32,67.32,3241700,0.0,0.0
2023-04-17,67.38,69.85,67.06,69.84,69.84,3910500,0.0,0.0
2023-04-18,70.81,71.45,68.88,70.0,70.0,3038300,0.0,0.0
2023-04-19,69.07,70.82,69.0,69.56,69.56,2940800,0.0,0.0
2023-04-20,68.23,68.58,67.0,67.48,67.48,3604200,0.0,0.0
2023-04-21,68.39,69.76,67.04,67.28,67.28,3480600,0.0,0.0
2023-04-24,66.98,67.25,64.93,65.71,65.71,3305300,0.0,0.0
2023-04-25,65.1,65.4,62.6,62.69,62.69,5090900,0.0,0.0
2023-04-26,67.7,72.67,67.7,69.27,69.27,12055800,0.0,0.0
2023-04-27,71.16,71.35,69.05,70.21,70.21,6044500,0.0,0.0
2023-04-28,68.64,68.97,65.9,67.38,67.38,6430100,0.0,0.0
