Date,AAPL,AMZN,NFLX,AMD,NVDA,MSFT,WMT,IBM,KO,PSX,PG,BAC,WFC,CASH
2000-01-31,-0.07058823529411784,-0.277404921700224,0.0,0.16129032258064524,-0.21111111111111114,-0.16021947873799747,-0.18046132971506101,-0.0323134561348738,0.01865423051299131,0.0,-0.05454545454545501,0.0,0.02203065134099602,0
2000-02-29,0.10126582278481044,0.06501547987616085,0.0,0.0972222222222221,0.7183098591549306,-0.08689970597843777,-0.10954746136865334,-0.08372318115825106,-0.15304120340091543,0.0,-0.13062409288824361,-0.04985119047619091,-0.16869728209934376,0
2000-03-31,0.18390804597701194,-0.026162790697674132,0.0,0.49367088607594933,0.32786885245901676,0.18890876565295134,0.1602107220328477,0.15211267605633783,-0.0316602316602318,0.0,-0.353923205342237,0.15191855912294416,0.23224351747463312,0
2000-04-30,-0.0873786407766991,-0.17611940298507445,0.0,0.48305084745762783,0.04938271604938271,-0.3436653626241346,-0.01976495726495686,-0.05806845965770169,0.007177033492822282,0.0,0.05749354005167984,-0.06526172671651931,0.007319304666056903,0
2000-05-31,-0.3191489361702129,-0.12318840579710166,0.0,-0.06560000000000032,0.2823529411764705,-0.1027051811095826,0.04059945504087126,-0.036502271252433216,0.12905779889152824,0.0,0.11301160659743492,0.14181818181818162,0.10808356039963662,0
2000-06-30,0.25000000000000044,-0.2479338842975204,0.0,-0.055283757338552064,0.11467889908256867,0.2784874808380178,0.0010473946059181838,0.021047314362687253,0.07994389901823329,0.0,-0.14654226125137182,-0.22420382165605102,-0.14344262295081966,0
2000-07-31,-0.0375000000000002,-0.1703296703296704,0.0,-0.06784049715173501,-0.05761316872428046,-0.12749800159872104,-0.04132879937222045,0.02457124010554068,0.06753246753246733,0.0,0.01028938906752419,0.10180623973727387,0.07081339712918644,0
2000-08-31,0.20779220779220697,0.3774834437086092,0.0,0.04166666666666652,0.32751091703056723,2.220446049250313e-16,-0.1377899045020462,0.17737003058103928,-0.14172749391727502,0.0,0.08465945257797514,0.14157973174366556,0.04647006255585362,0
2000-09-30,-0.5806451612903227,-0.07692307692307687,0.0,-0.36,0.029605263157894246,-0.13605130554283118,0.011392405063290978,-0.14695830485304195,0.05102763997165094,0.0,0.08392018779342725,-0.02219321148825093,0.06319385140905243,0
2000-10-31,-0.23076923076923095,-0.04687500000000011,0.0,-0.057499999999999885,-0.23961661341853024,0.14209968186638466,-0.056946182728410455,-0.12532051282051293,0.09507754551584635,0.0,0.07092582566323857,-0.08277703604806452,0.008032128514056769,0
2000-11-30,-0.16666666666666663,-0.32786885245901654,0.0,-0.3258178603006192,-0.3487394957983194,-0.16713091922005574,0.1499668214996679,-0.04965188713814561,0.04002463054187211,0.0,0.048533872598583994,-0.1572052401746722,0.030278884462151323,0
2000-12-31,-0.08000000000000018,-0.36585365853658525,0.0,-0.09442622950819679,-0.19354838709677424,-0.24414715719063584,0.01933064050779043,-0.09080393290919564,-0.02664298401420917,0.0,0.04725168756026976,0.1485319516407595,0.17324052590873906,0
2001-01-31,0.4347826086956519,0.11538461538461542,0.0,0.7813178855901526,0.5760000000000001,0.4085545722713868,0.06906311916218488,0.31764206955046737,-0.0486618004866185,0.0,-0.07965009208103135,0.17368421052631566,-0.07053394858272943,0
2001-02-28,-0.15151515151515116,-0.4137931034482759,0.0,-0.1260162601626016,-0.13197969543147248,-0.03403141361256545,-0.11808313476303978,-0.10701641454779531,-0.08567774936061323,0.0,-0.018509254627313565,-0.04804612427930777,-0.036170212765957555,0
2001-03-31,0.21428571428571508,-2.220446049250313e-16,0.0,0.2344186046511627,0.45029239766081863,-0.07317073170731658,0.009606724707295289,-0.037304018742116196,-0.1454545454545454,0.0,-0.11213047910295637,0.08008075370121115,-0.003679175864607198,0
2001-04-30,0.14705882352941146,0.5490196078431371,0.0,0.1680482290881693,0.2862903225806457,0.23918128654970805,0.024680344930122056,0.1971171845750661,0.022913256955810368,0.0,-0.03501722158438603,0.02305295950155739,-0.05022156573116687,0
2001-05-31,-0.23076923076923062,0.05063291139240467,0.0,-0.08870967741935476,0.025078369905956244,0.02076451156205783,4.440892098500626e-16,-0.027834245504300692,0.02639999999999998,0.0,0.07019631171921437,0.06820950060901354,0.006998444790046188,0
2001-06-30,0.1666666666666663,-0.14457831325301185,0.0,0.02300884955752225,0.08562691131498545,0.05547850208044358,-0.055426581543819076,0.015280682000964996,-0.04676539360872922,0.0,-0.007226236798221208,0.013112884834663552,-0.013899613899614804,0
2001-07-31,-0.1714285714285716,-0.12676056338028163,0.0,-0.36816608996539746,-0.12957746478873233,-0.09329829172141968,0.14531490015361004,-0.07303548795944237,-0.008994276369582721,0.0,0.11982082866741361,0.059651097355092775,-0.007830853563038476,0
2001-08-31,-0.0344827586206895,-0.27419354838709664,0.0,-0.2579408543263967,0.048543689320388994,-0.13816425120772957,-0.14028969957081583,-0.04888053324218078,0.09158415841584255,0.0,0.04400000000000026,-0.03345724907063219,0.0047355958958168465,0
2001-09-30,-0.14285714285714302,-0.33333333333333326,0.0,-0.39852398523985233,-0.3518518518518523,-0.10313901345291476,0.03151326053042114,-0.08230008984725923,-0.034013605442176686,0.0,-0.01867816091954022,-0.04175824175824172,-0.03377847604084827,0
2001-10-31,0.125,0.16666666666666674,0.0,0.20736196319018418,0.5619047619047621,0.13687500000000052,0.03841500302480361,0.17838261210103834,0.021909233176838683,0.0,0.019033674963396585,0.010321100917430659,-0.11138211382113816,0
2001-11-30,0.18518518518518579,0.6285714285714279,0.0,0.37804878048780455,0.2743902439024388,0.10390324354040636,0.0731138945528691,0.0707876370887337,-0.015313935681469992,0.0,0.050287356321839116,0.04029511918274675,0.09057639524245187,0
2001-12-31,0.031249999999999778,-0.05263157894736881,0.0,0.16961651917404108,0.22488038277511935,0.031872509960159334,0.04478827361563509,0.0465549348230907,0.0038880248833592645,0.0,0.021431828545372067,0.03546099290780114,0.015100671140939825,0
2002-01-31,0.1515151515151516,0.31481481481481466,0.0,0.011979823455233296,-0.017578124999999778,-0.038610038610038755,0.04208885424785658,-0.10809608540925264,-0.07203718048024776,0.0,0.03705357142857202,0.0015806111696523573,0.07355371900826424,0
2002-02-28,-0.13157894736842102,-0.014084507042253835,0.0,-0.15887850467289721,-0.2246520874751492,-0.0843373493975903,0.03390675641984564,-0.08927680798004989,0.08263772954924842,0.0,0.03831252690486364,0.024197790636507177,0.010777521170131088,0
2002-03-31,0.09090909090909127,0.014285714285713791,0.0,0.08962962962962995,-0.13076923076923108,0.033991228070175517,-0.010368941403423815,0.05987586710478321,0.10794140323824175,0.0,0.062189054726368154,0.06368772470467454,0.05331302361005341,0
2002-04-30,0.027777777777778123,0.1690140845070418,0.0,-0.2399728076138683,-0.2153392330383479,-0.133616118769883,-0.08869395711500971,-0.19462624870823308,0.06193458594293655,0.0,0.006245120999219367,0.06566875905359737,0.03543022415039698,0
2002-05-31,-0.05405405405405361,0.09638554216867457,-0.09999999999999998,0.022361359570661765,-0.03759398496240618,-0.02570379436964454,-0.03155080213903749,-0.03763900769888762,0.00065530799475777,0.0,-0.007757951900698612,0.045763479836882004,0.0300279329608939,0
2002-06-30,-0.22857142857142854,-0.10989010989011028,-0.07407407407407396,-0.1496062992125986,-0.48828125,0.07474874371859297,0.018221976808393103,-0.10511111111111138,0.011787819253438192,0.0,0.004691164972635109,-0.06455805892547639,-0.04474576271186492,0
2002-07-31,-0.14814814814814814,-0.11111111111111127,-0.050000000000000044,-0.17386831275720205,-0.3511450381679393,-0.12331969608416149,-0.10601952277657267,-0.02210081946858755,-0.10809061488673122,0.0,0.0015564202334625854,-0.05465493283927736,0.016323633782824087,0
2002-08-31,-0.04347826086956552,0.04166666666666696,-0.01052631578947405,0.10211706102117057,-0.09411764705882353,0.02333333333333365,0.08735213830755195,0.07313357034027446,0.021044992743106672,0.0,-0.0034965034965039887,0.053895149436550494,0.03212290502793258,0
2002-09-30,-5.551115123125783e-16,0.06666666666666732,-0.26595744680851097,-0.3966101694915256,-0.15584415584415567,-0.10879478827361544,-0.07782426778242646,-0.2264552768575483,-0.055437100213220014,0.0,0.008187134502923854,-0.08135750813575071,-0.07713125845737479,0
2002-10-31,0.09090909090909038,0.21250000000000058,-0.0724637681159419,0.14981273408239693,0.3999999999999997,0.22222222222222276,0.08741681790683664,0.35362496176200664,-0.030850263355906238,0.0,-0.006187161639597871,0.09412955465587025,0.047653958944280594,0
2002-11-30,0.0,0.206185567010309,0.20312500000000044,0.46579804560260607,0.4395604395604398,0.07894736842105332,0.006675938803893722,0.10327683615819216,-0.013975155279503437,0.0,-0.044357976653696674,0.0037002775208139216,-0.07907627711686482,0
2002-12-31,-0.08333333333333359,-0.19658119658119655,0.025974025974026427,-0.2822222222222225,-0.3282442748091603,-0.10365853658536606,-0.06161923183199747,-0.10835723064317915,-0.0393700787401573,0.0,0.01669381107491863,0.0023041474654381666,0.014437689969604817,0
2003-01-31,-3.3306690738754696e-16,0.15957446808510678,0.1898734177215189,-0.18885448916408665,-0.10227272727272707,-0.08225108225108257,-0.053592461719669804,0.00895933838731855,-0.0770491803278689,0.0,0.0008009611533841277,0.006896551724137945,0.010486891385767416,0
2003-02-28,0.04545454545454475,0.00917431192660545,0.297872340425533,0.0477099236641223,0.22784810126582333,0.0020215633423179558,0.005289359054138298,-0.001366120218579292,-0.006216696269982114,0.0,-0.04361744697879111,-0.011872146118721671,-0.036323202372127605,0
2003-03-31,-0.04347826086956541,0.18181818181818188,0.1885245901639343,0.1256830601092891,0.020618556701030633,0.021519838601210983,0.08449396471680615,0.006155950752393835,0.01251117068811447,0.0,0.08786610878661105,-0.02541589648798548,-0.008461538461538742,0
2003-04-30,-2.220446049250313e-16,0.09999999999999964,0.12413793103448256,0.2038834951456312,0.1111111111111116,0.05595786701777494,0.08247716894977164,0.0824835712667118,-0.001765225066196252,0.0,0.013846153846153397,0.10810810810810811,0.07292474786656333,0
2003-05-31,0.22727272727272751,0.25174825174825144,-0.012269938650307344,-0.02150537634408578,0.8181818181818172,-0.03740648379052358,-0.06591088847877657,0.03893657106970938,0.127320954907161,0.0,0.021623672230652424,0.001711596063328713,0.007230657989876876,0
2003-06-30,0.07407407407407396,0.016759776536312332,0.13664596273291907,-0.1195054945054943,-0.125,0.04209844559585463,0.02201524132091426,-0.06286520249848937,0.023529411764706687,0.0,-0.028592647604901655,0.07432721059376313,0.043072505384063264,0
2003-07-31,0.10344827586206895,0.1428571428571428,0.021857923497268006,0.1388455538221527,-0.1657142857142857,0.029832193909260507,0.04170118751726082,-0.015265534293700256,-0.030651340996168508,0.0,-0.009556574923547667,0.04493041749503024,0.002752924982794891,0
2003-08-31,0.0625,0.11538461538461542,0.2727272727272725,0.5465753424657536,-0.047945205479452024,0.004224502112250894,0.05832449628844083,0.011353711790393461,-0.0324110671936757,0.0,-0.006561173292165323,-0.040334855403349024,0.0013726835964309458,0
2003-09-30,-0.05882352941176472,0.04310344827586121,0.008403361344537785,-0.01594331266607618,-0.12230215827338076,0.04807692307692313,-0.05611222444889741,0.07707253886010368,-0.008169934640522292,0.0,0.06332556332556338,-0.005154639175257936,0.02741603838245399,0
2003-10-31,0.09375000000000044,0.12396694214876014,0.7041666666666666,0.3681368136813685,0.10655737704918011,-0.05447247706421987,0.05705944798301488,0.013028663058729517,0.07990115321252089,0.0,0.06393861892583153,-0.029892387405340504,0.09339559706470957,0
2003-11-30,-0.08571428571428563,-0.007352941176470673,-0.14425427872860608,0.18223684210526292,0.20000000000000018,-0.01637355973317156,-0.056239015817222904,0.01385041551246502,0.006864988558352714,0.0,-0.0209478021978019,-0.003697617091207861,0.026235509456986605,0
2003-12-31,0.03125,-0.02592592592592613,0.11714285714285788,-0.17084028937117424,0.09259259259259278,0.06473489519112219,-0.04469273743016766,0.02361436377829773,0.09166666666666634,0.0,0.03788144510697977,0.0775257731958765,0.027348394768133666,0
2004-01-31,0.030303030303030498,-0.04182509505703391,0.34015345268542174,-0.0026845637583892135,-0.03954802259887058,0.010422698320787571,0.01503759398496185,0.07054337464251703,-0.02984038861901439,0.0,0.0165596485299091,0.012629161882893536,-0.02546296296296302,0
2004-02-29,0.05882352941176472,-0.14682539682539686,-0.0629770992366413,0.009421265141318802,-3.3306690738754696e-16,-0.040687679083094674,0.10589849108367577,-0.025823686553873237,0.014306151645206988,0.0,0.01429521276595791,0.005668934240362189,0.007125890736342733,0
2004-03-31,0.13888888888888862,0.0046511627906977715,-0.008146639511201648,0.08200000000000007,0.18823529411764706,-0.060334528076463445,0.004465393202678358,-0.048263254113345866,0.011988716502115304,0.0,0.022943297279580444,-0.0018789928598268446,-0.012382075471698561,0
2004-04-30,-0.04878048780487798,0.009259259259258856,-0.2566735112936346,-0.12384473197781887,-0.22277227722772264,0.048315321042593506,-0.04494937021486756,-0.039953899346907074,0.005574912891985528,0.0,0.013777635373277919,-0.0060240963855416885,-0.0035820895522388208,0
2004-05-31,0.10256410256410264,0.11009174311926562,0.298342541436464,0.09353023909986002,0.14012738853503182,0.0036385688295936802,-0.01991207654512539,0.006802721088435382,0.015246015246014988,0.0,0.018963337547408532,0.032954545454546125,0.04973037747153963,0
2004-06-30,0.16279069767441823,0.1239669421487608,0.09361702127659544,0.022508038585209,-0.12290502793296121,0.08882175226586098,-0.05804749340369397,-0.004968203497615287,-0.012286689419795382,0.0,0.009925558312654736,0.027869453612028527,-0.02682648401826504,0
2004-07-31,-0.02000000000000024,-0.28308823529411786,-0.42996108949416356,-0.2144654088050314,-0.24840764331210186,-0.002219755826859293,0.009803921568627194,-0.012382664270022103,-0.130615065653075,0.0,-0.037776412776412194,0.004637887977167354,0.0035190615835776207,0
2004-08-31,0.06122448979591821,-0.02051282051282033,-0.32081911262798624,-0.08486789431545227,-0.19491525423728817,-0.03893214682981072,-0.004160887656033285,-0.025278058645096357,0.01907790143084287,0.0,0.07341206511331033,0.058238636363636465,0.03214494447691418,0
2004-09-30,0.13461538461538525,0.0680628272251309,0.1055276381909549,0.13735783027121617,0.16842105263157925,0.012731481481481843,0.010027855153203147,0.012448132780082721,-0.09906396255850225,0.0,-0.033006244424620856,-0.027181208053691508,0.014722536806341946,0
2004-10-31,0.35593220338983045,-0.16176470588235292,-0.38636363636363646,0.2938461538461541,-2.220446049250313e-16,0.011428571428571566,0.013513513513513375,0.04672131147540992,0.015584415584415812,0.0,-0.04981549815498132,0.033804760262159395,0.0016741071428567622,0
2004-11-30,0.2749999999999999,0.1578947368421053,0.20740740740740682,0.26516052318668293,0.3153153153153152,0.06836158192090358,-0.03455782312925171,0.0520751761942051,-0.02728047740835504,0.0,0.0449838187702265,0.03303303303303329,0.042339832869080496,0
2004-12-31,-0.03921568627451022,0.11616161616161635,0.07975460122699363,0.03477443609022557,0.23287671232876717,-0.0031729243786351446,0.017192784667418026,0.046148120580572494,0.059596844872918275,0.0,0.029730566738928044,0.02551679586563327,0.006413682522715014,0
2005-01-31,0.19387755102040827,-0.02262443438914008,-0.06818181818181834,-0.2824704813805632,-0.027777777777778345,-0.016445623342175586,-0.008035466888334342,-0.05247242974030564,-0.0041356492969396585,0.0,-0.02917293233082663,-0.013228346456693019,-0.013807753584704763,0
2005-02-28,0.170940170940171,-0.18518518518518534,-0.06707317073170704,0.10443037974683556,0.26857142857142846,-0.03991370010787498,-0.015083798882681299,-0.00694574807584003,0.03156146179401986,0.0,-0.0027881040892195896,0.0060644749441434165,-0.023694130317716833,0
2005-03-31,-0.07299270072992703,-0.02840909090909083,0.013071895424836555,-0.07621776504297972,-0.18018018018018034,-0.039325842696628754,-0.026091888825864884,-0.013043478260869268,-0.020128824476650764,0.0,-0.001553277415346055,-0.04536802030456888,0.007170435741864489,0
2005-04-30,-0.13385826771653553,-0.05263157894736814,0.06451612903225779,-0.11724565756823835,-0.07692307692307676,0.04678362573099393,-0.059405940594060125,-0.16414479984677244,0.04272801972062412,0.0,0.027069072806472194,0.02126952475905619,0.0021905805038335835,0
2005-05-31,0.0999999999999992,0.09876543209876498,0.23636363636363655,0.15249472944483444,0.23214285714285743,0.022905027932960564,0.0052631578947370805,-0.008249312557287447,0.027580772261623476,0.0,0.01847924871251183,0.02831109664822673,0.015846994535519743,0
2005-06-30,-0.07438016528925606,-0.0730337078651685,0.14705882352941124,0.05731707317073198,-0.01449275362318836,-0.03713817586018575,0.02063443178318458,-0.01779112754159029,-0.05828220858895705,0.0,-0.043723973825103735,-0.005696202531644823,0.019365250134480094,0
2005-07-31,0.16071428571428537,0.3696969696969694,0.132478632478632,0.1580161476355244,0.014705882352941124,0.031196823596142398,0.0238382619191313,0.12467654669489492,0.048045602605863325,0.0,0.0600311041990671,-0.04392106938255913,-0.0036939313984168942,0
2005-08-31,0.09999999999999942,-0.05752212389380529,0.1622641509433964,0.03436254980079667,0.13526570048309217,0.07205720572057173,-0.08605953433539659,-0.031583350763438434,0.005439005439005218,0.0,-0.002640845070422726,-0.0016644474034618328,-0.020127118644067576,0
2005-09-30,0.13986013986013957,0.06572769953051671,0.20454545454545414,0.21328839672604705,0.11489361702127687,-0.060030785017958,-0.025475653015156197,-0.004967602591793074,-0.012364760432766575,0.0,0.07178581935863448,-0.021673891297099068,-0.017297297297297343,0
2005-10-31,0.0736196319018414,-0.12334801762114556,0.016172506738544312,-0.07857142857142885,-0.019083969465649164,-0.0016375545851534667,0.07974851091992008,0.020620794443238166,-0.00938967136150215,0.0,-0.05352731265440569,0.03919563735514675,0.02750275027502691,0
2005-11-30,0.17714285714285705,0.21608040201004997,0.042440318302386704,0.1274763135228263,0.07392996108949368,0.08037178786221943,0.02635611400551663,0.08826031475967655,0.003949447077409074,0.0,0.021461716937355435,0.060347654968842646,0.05353319057815753,0
2005-12-31,0.0631067961165046,-0.024793388429751873,-0.015267175572518998,0.16883116883116922,0.014492753623188914,-0.055161943319838036,-0.03344281875186628,-0.07523939808481517,-0.055074744295829814,0.0,0.011925042589437718,0.005876894525208787,-0.000508130081301239,0
2006-01-31,0.05022831050228249,-0.05084745762711851,0.01808785529715773,0.3660130718954244,0.22857142857142843,0.07659346545259749,-0.014519616929254853,-0.010989010989010839,0.025811823480433205,0.0,0.028338945005611293,-0.04182041820418214,-0.007625826131163582,0
2006-02-28,-0.09130434782608698,-0.1651785714285715,-0.027918781725888575,-0.07488038277511933,0.04651162790697705,-0.04228855721393032,-0.016300940438871092,-0.010683760683760757,0.014610389610389518,0.0,0.011732605729876777,0.03658536585365835,0.03842213114754078,0
2006-03-31,-0.0861244019138756,-0.021390374331550777,0.08093994778067848,-0.1424877165761569,0.21666666666666679,0.012467532467532516,0.04525175270873194,0.027861771058315554,0.004800000000000582,0.0,-0.038295577130529,0.0043343653250769165,-0.004933399111987646,0
2006-04-30,0.12041884816753945,-0.03825136612021873,0.021739130434782483,-0.024427020506634256,0.020547945205479756,-0.11236531554643414,-0.046951219512195275,-0.001470897247321079,0.0023885350318471055,0.0,0.015703869882220722,0.09617755856966692,0.0753594447198811,0
2006-05-31,-0.14953271028037407,-0.017045454545454697,-0.06382978723404298,-0.045131375579598454,-0.21476510067114085,-0.0583815028901733,0.07997440818937873,-0.026304713804713886,0.049245432883241014,0.0,-0.06819436775262289,-0.020528683914510903,-0.02627939142461999,0
2006-06-30,-0.04395604395604402,0.11560693641618469,-0.017676767676767846,-0.20945289737779227,-0.07122507122507127,0.02885205647636635,-0.005924170616113833,-0.03846985087529764,-0.01589704769114353,0.0,0.024888888888889404,-0.006029285099052095,0.01041666666666674,0
2006-07-31,0.18965517241379293,-0.30569948186528495,-0.23907455012853462,-0.20597870597870604,0.03987730061349737,0.03221957040572754,-0.07628128724672234,0.007642166779050941,0.034615384615384714,0.0,0.01647875108412844,0.07134604274985623,0.07872539831302738,0
2006-08-31,0.0,0.1492537313432829,-0.03378378378378355,0.2888086642599279,0.31268436578171066,0.07225433526011571,0.009032258064516352,0.05018960517510651,0.0066914498141266154,0.0,0.1015358361774743,0.009436505796710293,-0.03214596003475256,0
2006-09-30,0.13043478260869557,0.045454545454545414,0.1363636363636358,-0.0056022408963581904,0.017977528089887507,0.0641509433962264,0.10262148337595867,0.012107051826678372,0.004431314623338567,0.0,0.0012909888974947936,0.0408653846153848,0.04129263913823955,0
2006-10-31,0.0555555555555558,0.18012422360248448,0.2153846153846155,-0.1440643863179073,0.17660044150110377,0.04964539007092217,-0.0005798782255730384,0.1267576075550889,0.04558823529411815,0.0,0.027849406910779084,0.005645368231973258,0.0030172413793101427,0
2006-11-30,0.12955465587044546,0.0631578947368423,0.05822784810126591,0.01410437235542994,0.061913696060037715,0.026061776061776065,-0.0646939367565994,-0.0013037809647979959,0.008438818565400963,0.0,-0.009533366783743058,0.00995151824445073,-0.021486892995273288,0
2006-12-31,-0.07526881720430079,-0.024752475247525108,-0.11722488038277512,-0.05656003708854862,0.0,0.017403574788334764,0.005583126550868567,0.056881760537113024,0.03068340306834072,0.0,0.023556231003039718,-0.008337544214249593,0.009222661396574239,0
2007-01-31,0.011627906976744429,-0.04568527918781795,-0.1165311653116533,-0.23587223587223582,-0.1713780918727913,0.033287101248266504,0.032695866748919666,0.020645844362096932,-0.007442489851150036,0.0,0.014352882949765222,-0.015286624203821542,0.01827676240208853,0
2007-02-28,-0.011494252873563426,0.04255319148936132,-0.012269938650306678,-0.030868167202572794,0.010660980810234255,-0.08411633109619687,0.012843488649940449,-0.059820193637621144,-0.02522154055896364,0.0,-0.021468650890461682,-0.022509702457955694,-0.034188034188033734,0
2007-03-31,0.0968992248062015,0.015306122448979664,0.027950310559005986,-0.13337757133377526,-0.07172995780590707,-0.010258915486076936,-0.023591860808021226,0.014159617506436462,0.0356643356643358,0.0,-0.004986287708801274,0.0037056643726838256,-0.007522123893805022,0
2007-04-30,0.07420494699646674,0.5427135678391959,-0.04229607250755252,0.05819295558958615,0.14318181818181852,0.07403751233958533,0.020839625490788327,0.08431550317316416,0.0871033085752877,0.0,0.025056376847907735,-0.002373417721519222,0.0423539901917076,0
2007-05-31,0.21381578947368474,0.12703583061889345,-0.012618296529968598,0.032561505065122676,0.05367793240556762,0.028492647058823373,-0.002071005917159252,0.04715719063545154,0.01552795031055787,0.0,-0.01319970667318493,0.007401533174729247,0.013259195893926767,0
2007-06-30,0.008130081300813385,-0.011560693641618713,-0.11501597444089418,0.0021023125437980017,0.19245283018867854,-0.039767649687220685,0.010672991402312038,-0.012775471095496704,-0.006116207951070152,0.0,-0.03715630418627702,-0.035948569929152185,-0.02532714225411581,0
2007-07-31,0.07795698924731176,0.1491228070175441,-0.11191335740072206,-0.05314685314685352,0.10759493670886067,-0.016286644951140072,-0.04488119683191483,0.05127790359107043,-0.00430769230769279,0.0,0.016722408026756286,-0.029940119760479167,-0.039844088349935136,0
2007-08-31,0.052369077306733125,0.017811704834605813,0.016260162601625883,-0.03988183161004366,0.11857142857142833,-0.0056764427625354275,-0.045761670761670814,0.05831666410216996,0.03213844252163134,0.0,0.055668016194331926,0.0687429854096524,0.09156517816869636,0
2007-09-30,0.106635071090047,0.16500000000000026,0.1839999999999995,0.015384615384614886,0.06130268199233724,0.0256898192197903,0.0006437077566787686,0.009595812736260756,0.0754491017964074,0.0,0.07718120805369066,0.004463113678130348,-0.025206611570248283,0
2007-10-31,0.2376873661670238,-0.042918454935622186,0.27702702702702675,-0.009090909090908816,-0.022864019253910572,0.24907235621521284,0.0357027983274365,-0.014256912442396352,0.0746102449888637,0.0,-0.006898086337337683,-0.03972817564035547,-0.04493429419245398,0
2007-11-30,-0.03979238754325265,0.01569506726457437,-0.1269841269841273,-0.25382262996941896,-0.10837438423645263,-0.08392127738581512,0.05931677018633552,-0.09101533966398889,0.010880829015544435,0.0,0.06453058480842455,-0.04436581382689153,-0.03772747447847302,0
2007-12-31,0.08648648648648694,0.02207505518763786,0.15151515151515116,-0.23155737704918078,0.07872928176795613,0.05918119173084713,-0.0032248607446494493,0.027804564448730362,-0.011788826242952077,0.0,-0.007787834140180916,-0.09256622045001439,-0.06872693726937251,0
2008-01-31,-0.3167495854063015,-0.16198704103671668,-0.05526315789473668,0.012000000000000455,-0.2778489116517282,-0.08419441255262217,0.06764705882352984,-0.00922595777951507,-0.03838174273858963,0.0,-0.10458209588459888,0.06999372253609559,0.1287766220901434,0
2008-02-29,-0.07524271844660158,-0.1701030927835051,0.25626740947075266,-0.050065876152832645,-0.129432624113475,-0.16213957375679067,-0.022589531680440866,0.06707702020202055,-0.009169363538295339,0.0,0.011608623548921893,-0.10002933411557657,-0.13339183852566905,0
2008-03-31,0.1469816272965876,0.10869565217391308,0.09756097560975552,-0.18307905686546433,-0.07535641547861516,0.04339152119700751,0.0673618940248022,0.011240940689247525,0.04790419161676618,0.0,0.058782201405152223,-0.029986962190351574,-0.004556962025315747,0
2008-04-30,0.2128146453089237,0.10084033613445298,-0.07676767676767648,0.01188455008489031,0.037444933920704804,0.004780114722753082,0.10034327964087675,0.04826678367705095,-0.0332467532467533,0.0,-0.03760230037602308,-0.009744623655913776,0.022380467955238847,0
2008-05-31,0.08490566037735836,0.03816793893129744,-0.0503282275711161,0.15436241610738266,0.2038216560509547,-0.003330161750713656,0.00023998080153608825,0.07674061671550203,-0.02686727565824809,0.0,-0.014939094461043578,-0.09399389209365427,-0.06417910447761199,0
2008-06-30,-0.11304347826086913,-0.10049019607843146,-0.14285714285714302,-0.1526162790697675,-0.2416225749559081,-0.028639618138425194,-0.026631477927063663,-0.08422962291045732,-0.08669243511871905,0.0,-0.0793280447970135,-0.2842696629213487,-0.13875598086124385,0
2008-07-31,-0.050980392156862675,0.040871934604904014,0.18548387096774244,-0.27787307032590036,-0.3906976744186048,-0.06535626535626515,0.042888834113876895,0.07980755624734659,-0.009068923821039854,0.0,0.08362899138367963,0.3778126635269494,0.274691358024691,0
2008-08-31,0.06611570247933929,0.05759162303664889,-3.3306690738754696e-16,0.4940617577197155,0.10687022900763399,0.06572029442691951,0.011817537225242702,-0.045210326300615944,0.010982306284319732,0.0,0.06548175865294681,-0.05317128750474709,0.011138014527845241,0
2008-09-30,-0.3294573643410854,-0.09900990099009921,0.0,-0.16534181240063606,-0.15172413793103467,-0.022200296003946796,0.013781826676009246,-0.039116113093603855,0.022933011466505837,0.0,-0.0010974539069363853,0.14640994785399175,0.23946360153256685,0
2008-10-31,-0.05202312138728349,-0.2142857142857144,-0.1972789115646253,-0.3333333333333336,-0.1829268292682925,-0.1634712411705349,-0.06797235023041459,-0.20511355520639885,-0.16696165191740442,0.0,-0.06789716545814095,-0.3096571028691394,-0.09273570324575031,0
2008-11-30,-0.1402439024390243,-0.2552447552447552,-0.07344632768361603,-0.32571428571428584,-0.14925373134328346,-0.08805790108564548,0.0012360939431397266,-0.11734052111410631,0.0729461756373937,0.0,-0.003064592173503078,-0.3274201723264064,-0.14310051107325383,0
2008-12-31,-0.07801418439716323,0.20187793427230027,0.30182926829268286,-0.08474576271186396,0.08187134502923965,-0.03902116402116407,0.007407407407406863,0.03135179153094403,-0.034323432343234095,0.0,-0.03925277843461805,-0.11379050489826714,0.02037773359840922,0
2009-01-31,0.05384615384615343,0.1484375,0.20843091334894615,0.01388888888888884,-0.01621621621621616,-0.11975223675154856,-0.1593137254901964,0.08902487169364415,-0.05604921394395079,0.0,-0.11223234063499887,-0.5331632653061227,-0.358986848514369,0
2009-02-28,-0.007299270072992581,0.10204081632653161,0.003875968992248069,-0.0045662100456626,0.043956043956044466,-0.049257232212666424,0.04489795918367423,0.009606670291825603,-0.04344677769732086,0.0,-0.11616301635708359,-0.39890710382513694,-0.3480243161094224,0
2009-03-31,0.1764705882352937,0.13271604938271597,0.1833976833976836,0.39908256880733894,0.18947368421052624,0.13733552631579005,0.0641741071428572,0.05278276481149047,0.08705526116578333,0.0,-0.022271016311167346,0.7303030303030307,0.17715617715617715,0
2009-04-30,0.1968749999999999,0.09809264305177123,0.0554649265905387,0.18360655737704956,0.16371681415929196,0.10267534345625395,-0.03277399056109098,0.06514324693042295,-0.020891364902507203,0.0,0.0587102983638117,0.30998248686514884,0.40594059405940564,0
2009-05-31,0.07832898172323799,-0.032258064516129004,-0.12982998454404926,0.25761772853185616,-0.09125475285171103,0.03803278688524547,-0.007861208999728864,0.03522254242715306,0.14224751066856323,0.0,0.050606060606060765,0.2620320855614977,0.27676056338028143,0
2009-06-30,0.05084745762711829,0.0717948717948722,0.04973357015985802,-0.14757709251101292,0.08368200836820039,0.13771320277953314,-0.02595628415300577,-0.017630683575626582,-0.015566625155666092,0.0,-0.01615229304874599,0.17161016949152574,-0.048538334252619664,0
2009-07-31,0.1451612903225803,0.026315789473683848,0.06260575296108284,-0.05426356589147263,0.1467181467181473,-0.010549694614103156,0.029733520336606034,0.12940806045340048,0.03858317520556631,0.0,0.09498680738786192,0.12025316455696178,0.008115942028985357,0
2009-08-31,0.030181086519114997,-0.053613053613053685,-0.007961783439490833,0.19125683060109266,0.12121212121212066,0.053872053872053405,0.025333696540452033,0.0057150822414273605,-0.021315468940316773,0.0,-0.02516733601070975,0.18966908797417315,0.12708453133985054,0
2009-09-30,0.1015625,0.15024630541871908,0.05939004815409232,0.29816513761467833,0.03603603603603589,0.04313099041533541,-0.0350690754516475,0.01316701316701252,0.11014312383322933,0.0,0.07031035429827015,-0.037313432835821,0.023979591836734704,0
2009-10-31,0.017730496453901345,0.2719486081370448,0.1575757575757577,-0.18727915194346278,-0.20579710144927543,0.07861153649821295,0.012114537444933626,0.008344733242133584,-0.007286995515694672,0.0,0.008981267641775759,-0.1381254404510216,-0.023418036870951675,0
2009-11-30,0.060975609756097615,0.14478114478114446,0.09685863874345557,0.5239130434782608,0.09489051094890555,0.06483672503549509,0.09793253536452617,0.05236738570071875,0.08074534161490732,0.0,0.0750254323499493,0.0866721177432539,0.02091836734693886,0
2009-12-31,0.054187192118226424,-0.010294117647058565,-0.06085918854415284,0.38088445078459277,0.43000000000000016,0.036444444444444946,-0.015113974231912408,0.03596751321387193,-0.0036572622779521557,0.0,-0.027442630707357307,-0.048908954100827406,-0.037481259370314546,0
2010-01-31,-0.08878504672897203,-0.06835066864784578,0.12960609911054655,-0.2293388429752068,-0.17715617715617715,-0.07547169811320742,-0.0005031446540880724,-0.06495769039323018,-0.04824331410592597,0.0,0.022378983215762593,0.007911392405063111,0.05347871235721735,0
2010-02-28,0.06495726495726517,-0.055821371610845105,0.06186726659167552,0.06032171581769408,0.05382436260623291,0.02226345083487935,0.01208155046564352,0.04365184988022319,-0.028099173553719048,0.0,0.02807518439210166,0.0973312401883828,-0.03696402168555901,0
2010-03-31,0.14767255216693398,0.14695945945945965,0.115466101694915,0.17193426042983617,0.07258064516129026,0.021778584392014633,0.03407112658542677,0.008543738842131443,0.05158730158730118,0.0,6.661338147750939e-16,0.07224606580829751,0.13868986693961216,0
2010-04-30,0.11188811188811143,0.010309278350515871,0.34188034188034244,-0.021574973031284195,-0.09774436090225525,0.04262877442273516,-0.03511303511303521,0.005816158806423388,-0.028032345013476734,0.0,-0.01018282804906312,-0.0013342228152096736,0.06382022471910043,0
2010-05-31,-0.0163522012578613,-0.0860058309037901,0.1238499646142952,-0.05512679162072798,-0.1638888888888893,-0.15161839863713766,-0.052093718843469694,-0.024010056568196325,-0.03826955074875249,0.0,-0.017068038344634107,-0.11690046760186978,-0.13223489649345166,0
2010-06-30,-0.02046035805626567,-0.12918660287081352,-0.022670025188917142,-0.14585764294048997,-0.22259136212624597,-0.10793172690763042,-0.04917170654746239,-0.014167954662544724,-0.016724336793540684,0.0,-0.01831588962892483,-0.08698940998487115,-0.10759493670886067,0
2010-07-31,0.022193211488251263,0.07875457875457914,-0.056056701030927414,0.02322404371584752,-0.0982905982905985,0.12155317951603828,0.06498893805309747,0.03984844525738129,0.09912023460410557,0.0,0.027865277441240455,-0.02236951118475583,0.0829241680305508,0
2010-08-31,-0.054916985951468655,0.05942275042444822,0.22389078498293458,-0.2510013351134849,0.014218009478673466,-0.08580030105368819,-0.014801350298623839,-0.036311094358587814,0.014407684098185713,0.0,-0.024516737388024512,-0.11271186440677994,-0.14911838790931997,0
2010-09-30,0.1675675675675672,0.25801282051282115,0.29224762967094375,0.26737967914438454,0.25233644859813054,0.04335894621295311,0.06721138639957847,0.08943937418513737,0.05470804839558152,0.0,0.0050749154180762535,0.05157593123209181,0.06690349319123734,0
2010-10-31,0.06018518518518534,0.05222929936305687,0.07034958998705232,0.032348804500703876,0.02985074626865658,0.08942661756969938,0.01234872808100751,0.07048827190043072,0.04788029925186965,0.0,0.06828564558788108,-0.1253405994550406,0.037180910099889664,0
2010-11-30,0.03384279475982521,0.061743341404358,0.18588709677419346,-0.006811989100818039,0.13043478260869534,-0.04732013520038625,-0.0017077335935595794,-0.010508664058132444,0.03760114231318412,0.0,-0.03938780103533612,-0.04361370716510893,0.046013911182450684,0
2010-12-31,0.036958817317846115,0.026225769669327992,-0.1465487929275756,0.12208504801097342,0.13141025641025617,0.1049163710086165,0.002688172043010306,0.03739690430459852,0.04128440366972508,0.0,0.053420805998126264,0.21932681867535275,0.13913043478260922,0
2011-01-31,0.05193482688390971,-0.057777777777777484,0.21832669322709108,-0.04278728606356952,0.5552407932011341,-0.006422018348623992,0.039727029003169045,0.1038989326944022,-0.04449339207048475,0.0,-0.011343416370106829,0.029385574354407362,0.04625056129321914,0
2011-02-28,0.04065827686350376,0.021226415094339313,-0.03466317854807044,0.17624521072796928,-0.052823315118396885,-0.03554939981532779,-0.07290201593999102,0.0032557221783742207,0.01705855232826159,0.0,-0.0013498312710912286,0.040657439446367016,-0.0034334763948496994,0
2011-03-31,-0.013023255813953805,0.04041570438799047,0.15074525745257472,-0.06623235613463652,-0.18461538461538485,-0.04499760651029161,0.008343868520859443,0.007277018389222123,0.045330915684496986,0.0,-0.02297814823158384,-0.06650041562759768,-0.015073212747631293,0
2011-04-30,0.004712535344015167,0.08657047724750266,-0.021489549602590974,0.058139534883721034,0.08254716981132026,0.021052631578947434,0.056168505516549505,0.04608024992677917,0.016912402428447715,0.0,0.062255014987318225,-0.079252003561888,-0.08176650634018345,0
2011-05-31,-0.0065666041275801446,0.0040858018386114026,0.16395908543922944,-0.046153846153846545,0.002178649237472685,-0.02896416298478155,0.011158594491928575,-0.005226318245450723,-0.009808102345416514,0.0,0.03234208812676376,-0.04255319148936165,-0.021428571428571686,0
2011-06-30,-0.034938621340887765,0.03967446592065116,-0.029981907469630475,-0.19470046082949322,-0.20434782608695623,0.0394337714863493,-0.037802301009627226,0.015479876160990225,0.014642549526270532,0.0,-0.05109335576114371,-0.06666666666666654,-0.011192214111921839,0
2011-07-31,0.1634050880626221,0.08904109589041087,0.012523314681588626,0.050071530758226235,-0.1338797814207653,0.053988326848248835,-0.008052708638360606,0.0600517368810054,0.010611205432937254,0.0,-0.02481719477066291,-0.11471861471861478,-0.003937007874016518,0
2011-08-31,-0.014297729184188368,-0.033243486073675,-0.11657894736842145,-0.06948228882833796,-0.03785488958990557,-0.02307337332718029,0.016482164821647993,-0.050549067456859276,0.0356992860142793,0.0,0.035446489434219464,-0.15647921760391192,-0.061758893280632665,0
2011-09-30,-0.009385665529009435,0.004646840148698761,-0.5180220434912126,-0.2562225475841875,-0.05901639344262333,-0.06424185167690133,-0.024443368828654388,0.0172572058013587,-0.03446877534468784,0.0,-0.00768049155145889,-0.2507246376811595,-0.07582938388625626,0
2011-10-31,0.06115417743324736,-0.012025901942646078,-0.27503090234857863,0.1476377952755903,0.1846689895470377,0.06966178697627523,0.09302902505581745,0.055766107200865944,0.011339773204536163,0.0,0.021008403361344907,0.1141199226305607,0.07407407407407396,0
2011-11-30,-0.0551948051948048,-0.10018726591760307,-0.2139812446717816,-0.02401372212692987,0.05588235294117694,-0.03209060877772563,0.038356786200635096,0.022393162393162358,-0.008720930232558155,0.0,0.009096816114360307,-0.20138888888888906,0.0026525198938991412,0
2011-12-31,0.05927835051546371,-0.09989594172736727,0.073752711496746,-0.05096660808435849,-0.1142061281337049,0.015114578254509459,0.020983606557377188,-0.02198628991807472,0.04063678257226666,0.0,0.03305430349860483,0.02173913043478315,0.0661375661375656,0
2012-01-31,0.12733171127331766,0.12369942196531802,0.7343434343434343,0.24259259259259225,0.06603773584905648,0.13736791546589844,0.026760864911154147,0.047439952132660945,-0.034621578099838346,0.0,-0.04737170164138793,0.2829787234042549,0.05955334987593064,0
2012-02-29,0.18776978417266177,-0.07613168724279828,-0.07862550960978487,0.09538002980625948,0.026548672566371057,0.0819256756756761,-0.03711426188490419,0.02546107393504138,0.034195162635529686,0.0,0.07262813522355471,0.11940298507462632,0.07587822014051482,0
2012-03-31,0.10539067231980592,0.12806236080178235,0.0385587863463972,0.09115646258503385,0.014367816091954033,0.016393442622950616,0.04287570376786487,0.06056024192264875,0.06733870967741962,0.0,-0.006100040666938034,0.1999999999999993,0.09403569873748352,0
2012-04-30,-0.02575342465753394,0.14511352418558743,-0.30310407790626936,-0.08229426433915166,-0.15580736543909368,-0.007296466973885862,-0.03758305647840532,-0.007503564192991474,0.03097846618813782,0.0012526096033402823,-0.04500818330605538,-0.15185185185185168,-0.02109033028253038,0
2012-05-31,-0.010686164229471662,-0.08189655172413768,-0.20873362445414823,-0.17391304347826086,-0.043624161073825496,-0.08239845261121859,0.12491909385113331,-0.06456490511831836,-0.02052033711982415,-0.11801501251042545,-0.02120822622107965,-0.09315866084424973,-0.03455284552845539,0
2012-06-30,0.010801591813530242,0.07230046948356783,0.07947019867549643,-0.05756578947368407,0.11228070175438631,0.04763912310286633,0.059263521288837495,0.013901236563485186,0.05312383090160866,0.10685579196217532,-0.01685270299846786,0.11396468699839502,0.04336842105263128,0
2012-07-31,0.04555680539932516,0.02101576182136622,-0.1697341513292433,-0.29144851657940685,-0.01892744479495234,-0.036619718309858884,0.06753575955096869,0.0019928258270223154,0.03339253996447633,0.13754805638615997,0.06300089047195057,-0.10374639769452465,0.010895883777240156,0
2012-08-31,0.09413663259817051,0.06432246998284774,0.05049261083743839,-0.08374384236453203,0.03536977491961446,0.05304928989139479,-0.019335142469470767,-0.0015115354017496418,-0.07425232038501195,0.11678558017273866,0.04104712041884806,0.08842443729903593,0.013173652694610016,0
2012-09-30,0.002949852507374562,0.024979854955681002,-0.08792497069167637,-0.09408602150537615,-0.04968944099378869,-0.03451011503371648,0.016603251470079794,0.0646960401561627,0.021165985889342265,0.10423671822461311,0.032186682760008134,0.1078286558345638,0.014578408195429882,0
2012-10-31,-0.10784313725490191,-0.08490566037735836,0.45501285347043785,-0.3916913946587536,-0.10130718954248352,-0.041084634346754134,0.01650221163661114,-0.062261468233180906,-0.019636363636363563,0.02283800243605283,0.006431494835314799,0.05466666666666642,-0.024077669902912824,0
2012-11-30,-0.012087912087912267,0.08247422680412364,0.030918727915194788,0.07317073170731758,0.0036363636363634377,-0.059554413024849984,-0.04000000000000037,-0.0186736892506586,0.026706231454005636,0.11044953855314077,0.008520526723470256,0.05815423514538565,-0.013927576601671432,0
2012-12-31,-0.09121245828698576,-0.004761904761904856,0.1336760925449867,0.09090909090909038,0.025362318840579823,0.0031890660592255315,-0.04724546722454681,0.007806782141986046,-0.04407514450867023,0.013941018766756352,-0.027649769585253114,0.17921146953404987,0.03551251008878076,0
2013-01-31,-0.14381884944920453,0.05821371610845283,0.7845804988662133,0.08333333333333304,-3.3306690738754696e-16,0.027702089009990383,0.025068618481244087,0.06011458081174914,0.027588813303099036,0.14040190375462736,0.11591627172195884,-0.025329280648429098,0.02611067809820744,0
2013-02-28,-0.02501786990707633,-0.0045214770158252815,0.13807708598051627,-0.04230769230769216,0.038869257950529645,0.021210782147591756,0.01196001428061333,-0.006850357740904145,0.03972048547260032,0.044748434964062556,0.01362590691912935,-0.007276507276507083,0.007216103304215293,0
2013-03-31,0.002932551319647647,0.008327024981075182,0.006326758466691729,0.024096385542168752,0.013605442176870541,0.029424491562094257,0.06403245722349671,0.06207847946045453,0.051998585072514425,0.11118508655126469,0.011522346368714631,0.08481675392670152,0.054298642533937125,0
2013-04-30,-2.220446049250313e-16,-0.04729729729729748,0.14164201183431913,0.1058823529411761,0.07382550335570537,0.15678856662463247,0.03862732095490684,-0.0504401789580029,0.046738399462004754,-0.12881965248651894,0.0036244390749049504,0.010617760617760874,0.026824034334763658,0
2013-05-31,0.022660818713450492,0.06067769897557196,0.04697116942014823,0.41843971631205634,0.056249999999999245,0.061773255813953654,-0.031284916201117285,0.031841325328672676,-0.05557340186315485,0.09743237047226039,-0.00017196904557137405,0.1098376313276026,0.07628004179728287,0
2013-06-30,-0.1186561829878483,0.031203566121842385,-0.06683168316831678,0.02000000000000024,-0.0295857988165682,-0.010266940451745366,-0.004778381941011767,-0.08130799823243484,0.010204081632653628,-0.11510340505535799,0.003095975232197956,-0.057659208261617856,0.017475728155340153,0
2013-07-31,0.14111922141119249,0.08501440922190184,0.15815649867373982,-0.07598039215686259,0.027439024390243816,-0.07814661134163181,0.04635761589403953,0.02060285393618755,-0.0010101010101005725,0.04414542020774337,0.05075445816186486,0.13515981735159888,0.0540712468193385,0
2013-08-31,0.08386638237384503,-0.06706507304116849,0.16117950186086394,-0.13262599469496017,0.026706231454005414,0.056264066016504355,-0.05791139240506349,-0.06079648103055546,-0.04718570947084666,-0.06669681211847145,-0.030026109660574618,-0.032984714400643655,-0.04918527459263722,0
2013-09-30,-0.021639344262295412,0.11245551601423576,0.08900394477317586,0.16513761467889854,0.054913294797688694,-0.0035511363636365756,0.01343634531407445,0.01597390649828534,-0.0007074637424832053,0.012596899224806224,-0.02960969044414541,-0.022462562396006747,0.006029831799428509,0
2013-10-31,0.09651474530831083,0.16442738323736417,0.04301562146253124,-0.12335958005249337,-0.024657534246575574,0.06414825374198174,0.037620152469340695,-0.03226868620349033,0.044601769911504,0.11435406698564621,0.07662968099861289,0.012765957446808196,0.033123028391166986,0
2013-11-30,0.07029339853300698,0.08131868131868103,0.13436075537226033,0.08982035928143706,0.033707865168538964,0.08472873409243142,0.055582175371346354,0.007995916978563056,0.022704168078617304,0.08694718763417764,0.04299516908212597,0.13193277310924367,0.038473282442748946,0
2013-12-31,0.008566533409479993,0.013211382113820669,0.006505931879065896,0.0631868131868134,0.027173913043477826,-0.018832973139857878,-0.022998940838250492,0.043966244725737846,0.02783300198807237,0.10784120086904969,-0.03334877257989777,-0.014847809948033142,0.031167303734196183,0
2014-01-31,-0.10758776896942257,-0.10080240722166489,0.11178707224334583,-0.1136950904392765,-0.021164021164021163,0.011642542479547435,-0.05095245470032472,-0.05811979629779318,-0.0844616376531272,-0.05223747548582702,-0.0517489218974605,0.07611152976639057,-0.0011405759908750257,0
2014-02-28,0.05774111675126936,0.009481316229783099,0.08857729138166959,0.08163265306122436,0.1783783783783781,0.019906687402799106,0.0003263707571798946,0.053810504634398404,0.010211267605634067,0.029533483822423046,0.02661276739093843,-0.01330532212885116,0.03054524693120131,0
2014-03-31,0.01979604079184205,-0.07071823204419914,-0.21002199183160508,0.08086253369272223,-0.025229357798165264,0.0698383653552912,0.029690048939641223,0.03957977033960436,0.019867549668874718,0.02941713868079665,0.0247744052502048,0.041163946061035794,0.07174515235457068,0
2014-04-30,0.09941176470588231,-0.09571938168846605,-0.08510638297872342,0.01995012468827917,0.030588235294117583,-0.014253135689851648,0.04293409378960722,0.020681551116334296,0.05536568694463373,0.08004969826056141,0.03234069804674977,-0.11997273346966597,-0.002067717756525811,0
2014-05-31,0.07865168539325862,0.027613412228796985,0.2973266681156277,-0.022004889975550057,0.03196347031963476,0.020532099479467547,-0.030988910830928362,-0.05618236242228836,0.002914507772020958,0.02497945768282639,-0.021401985111662802,-2.220446049250313e-16,0.030303030303030942,0
2014-06-30,0.027777777777778123,0.03902751119641734,0.05444798123638783,0.047499999999999876,-0.024336283185840246,0.01841881552847835,-0.022103778021633658,-0.016752053346345108,0.04326767839845003,-0.05146705146705166,-0.027099841521394774,0.01626646010844257,0.03494218200100585,0
2014-07-31,0.028474903474903446,-0.03633004926108374,-0.04051477597712094,-0.0668257756563243,-0.054421768707483165,0.03505843071786363,-0.019878166078871717,0.057315358531139005,-0.07273290003095034,0.008451656524678608,-0.00830754194494232,-0.008384146341463339,-0.03157639057566186,0
2014-08-31,0.07789770061004275,0.08306709265175716,0.1298228183474084,0.06649616368286426,0.11510791366906448,0.05913978494623651,0.03287536800785107,0.009230287859824937,0.0620827770360477,0.07945021790144113,0.0747371879106431,0.05534204458109171,0.017807875595686085,0
2014-09-30,-0.017414018284719224,-0.048967551622418615,-0.05540085006595363,-0.18225419664268572,-0.051612903225806694,0.020558375634517567,0.01282660332541563,-0.01286622229111778,0.029855436832181725,-0.0656832298136647,0.007641754546843904,0.06263656227239633,0.008378511582060044,0
2014-10-31,0.07221976074435044,-0.052729528535980785,-0.12940263770364624,-0.17888563049853368,0.05895691609977294,0.012683412086545998,-0.002501563477173341,-0.13395100502512536,-0.01830942935611879,-0.034568721954462256,0.05020476262702833,0.006854009595613109,0.023460410557184952,0
2014-11-30,0.10578512396694228,0.10870988867059617,-0.11762609160577453,-0.0035714285714283367,0.07922912205567423,0.0248035363457757,0.1476489028213166,-0.006799637352674748,0.07802300279763741,-0.06334997417799959,0.03610629693818601,-0.006807351940095296,0.032951289398280625,0
2014-12-31,-0.07174887892376691,-0.08328411104548095,-0.014340537265198572,-0.043010752688172116,-0.043650793650793274,-0.02851665468487874,-0.013384321223709472,-0.010680054769511282,-0.058246828143021734,-0.01819518470869297,0.007387789238917364,0.05277587388622362,0.006241331484049706,0
2015-01-31,0.06159420289855033,0.14239690721649523,0.29323770491803236,-0.03745318352059901,-0.043568464730290524,-0.13024173655648763,-0.010520487264672918,-0.044380882081564765,-0.024800979791794187,-0.019281168101834223,-0.0680780406807805,-0.15299479166666685,-0.052837123822651044,0
2015-02-28,0.10049298445202925,0.07219402143260045,0.07494850261448271,0.2101167315175092,0.15401301518438126,0.09302325581395388,-0.012311135982093546,0.06362846384088083,0.051491365777080134,0.12349685054399728,0.009948032665181739,0.04304381245196032,0.06209071064758653,0
2015-03-31,-0.031357684355616366,-0.02156759600210456,-0.12249410377358516,-0.13826366559485515,-0.05075187969924788,-0.07265179034769076,-0.01416430594900886,-0.008896151053014334,-0.055538966855778193,0.0016989466530747954,-0.037488973831225736,-0.02358142962417098,-0.007079241836035366,0
2015-04-30,0.005691924581999519,0.13387096774193497,0.3354611120443465,-0.15671641791044766,0.05940594059405924,0.19613878007834296,-0.05114942528735622,0.0672284301154058,4.440892098500626e-16,0.008989145183175618,-0.02184206506797004,0.03547169811320772,0.012879484820607301,0
2015-05-31,0.04563141139016613,0.017543859649122195,0.121383647798742,0.008849557522123908,0.0018691588785046953,-0.03017543859649119,-0.042398546335554066,-0.002059732234809708,0.010116977552956152,0.004706673390486138,-0.014053716427232854,0.035714285714286254,0.022479564032697574,0
2015-06-30,-0.037212449255750846,0.011183597390494127,0.0527201346045989,0.05263157894736836,-0.09141791044776082,-0.057887120115773905,-0.044908285895003175,-0.041193670450636044,-0.03442879499217533,0.018069265517818733,-0.001900538485904324,0.034482758620689724,0.0051077059737947295,0
2015-07-31,-0.03302881236823574,0.23548387096774226,0.2180074587107088,-0.1958333333333332,-0.008213552361396537,0.0578597030209933,0.014735099337747082,-0.004125930576732939,0.04700162074554215,-0.013147082990961456,-0.01174230403046661,0.050340136054422446,0.028943879805568118,0
2015-08-31,-0.06613372093023251,-0.04364043267437512,0.006298661534423822,-0.062176165803108585,0.13250517598343703,-0.06195546950629316,-0.09446891825746473,-0.07943798973250515,-0.042724458204333904,0.0013322231473775759,-0.07851637764932518,-0.08613989637305675,-0.07236418295039715,0
2015-09-30,-0.021789883268482635,-0.0019500780031204146,-0.10232113361731698,-0.049723756906077,0.09689213893967041,0.01702786377708998,0.001621621621621161,-0.019763232560415123,0.02910737386804607,-0.028272077166139886,0.017947377591915004,-0.04323175053153849,-0.037268518518518534,0
2015-10-31,0.08313444709626094,0.22313403673309873,0.049583575440635075,0.2325581395348837,0.1499999999999997,0.1892440385591081,-0.11728728188523163,-0.03373590178660546,0.0556253928346957,0.15899366763648848,0.07120849024306786,0.07703703703703701,0.05433998557345432,0
2015-11-30,-0.005508630187293195,0.061980830670926856,0.13794057944270155,0.11320754716981152,0.12318840579710155,0.03946245733788434,0.028123089464030082,0.0046482801363498805,0.013992259601071755,0.03411104548139421,-0.020134228187919434,0.038514442916093516,0.02485746864310112,0
2015-12-31,-0.1104135893648448,0.016546329723224895,-0.07256952890618695,0.21610169491525433,0.03870967741935494,0.02072645187769373,0.050346878097125236,-0.012954966070326979,0.008220786846741435,-0.10638297872340496,0.060991519895629676,-0.031788079470198904,-0.013573653760569737,0
2016-01-31,-0.0751349107513487,-0.13139982243267223,-0.19706242350061198,-0.23344947735191635,-0.11180124223602494,-0.007036590269400733,0.08265710511417224,-0.09322916666666636,-0.0011648223645892575,-0.020134228187919656,0.03765754687980327,-0.1593707250341998,-0.07602075344010817,0
2016-02-29,-0.0013464991023338646,-0.05860306643952318,0.0170949477351916,-0.027272727272727337,0.0755244755244755,-0.06985219680097188,-0.0003486142583235541,0.06076967260195243,0.004956268221574689,-0.002120026092628735,-0.017034513405422058,-0.1147274206672092,-0.05859375000000011,0
2016-03-31,0.1271910112359549,0.07419471588852722,0.09442243871105926,0.33177570093457964,0.13524057217165142,0.08554636482368316,0.040104620749781716,0.15583712367338132,0.08413112851755056,0.09070109495015477,0.025165762507534994,0.0836397058823517,0.03060165975103679,0
2016-04-30,-0.13995215311004772,0.11118598382749312,-0.11933874596498062,0.24561403508771895,-0.002290950744559095,-0.09705233607379171,-0.02363788767812136,-0.03635341515974877,-0.03425207385603446,-0.05169313754869598,-0.018668234602381317,0.07718405428329045,0.03371917463512841,0
2016-05-31,0.07185906351414006,0.09581564584596713,0.13928690436521185,0.2873239436619719,0.31802525832376505,0.07017543859649167,0.06610576923076916,0.06358774914924603,-0.004710446106954591,-0.01343024174435159,0.011533852606351758,0.015748031496063186,0.022395326192795162,0
2016-06-30,-0.04282006920415249,-0.009961261759822704,-0.10812128302622603,0.12472647702406969,0.006097560975610206,-0.03444698070139052,0.03172813657593809,-0.012798244812140092,0.024220489977728077,-0.01265214606021725,0.04472086480082926,-0.09999999999999976,-0.06666666666666632,0
2016-07-31,0.09037505648441058,0.0603689211850198,-0.0025142107564491978,0.33463035019455245,0.21471861471861486,0.10767246937459696,-0.0006244146113019156,0.05824613390128741,-0.037510192987225355,-0.041362530413625254,0.01885187810063771,0.09216192937123213,0.013520408163265163,0
2016-08-31,0.023622047244094224,0.013705851344228526,0.0679452054794516,0.07871720116618053,0.07626514611546686,0.01998447807528092,-0.01437050921587002,-0.0022751137556878964,-0.0045184975995481436,0.03976311336717431,0.02003338898163598,0.11908517350157743,0.06745532343317362,0
2016-09-30,0.06518218623481808,0.0886635465418617,0.011287839917906828,-0.0662162162162162,0.11721854304635815,0.0024728932851441066,0.009508716323296529,-0.00017540782318892223,-0.01758865248226882,0.026851098454027555,0.02795962902345961,-0.030303030303030387,-0.12850742749351574,0
2016-10-31,0.004561003420752607,-0.05684260807260533,0.26707255200405844,0.046309696092620145,0.038529934795494825,0.04022770398481956,-0.029042386185243574,-0.03245614035087674,0.0020213687554142545,0.0074484944532484665,-0.02547432665516769,0.05450581395348819,0.03923160173160167,0
2016-11-30,-0.02156640181611813,-0.0496328184350473,-0.06302554656843118,0.2323651452282156,0.29737442922374413,0.012586647209047896,0.0058205335489092125,0.06509519492293792,-0.04034582132564857,0.03161868806040524,-0.04996596324029978,0.28463128876636845,0.15959385576672713,0
2016-12-31,0.04795050270688339,-0.0010658140154545803,0.05811965811965858,0.27272727272727315,0.15750109986801597,0.031165555755719998,-0.011573701977174222,0.023237997957099132,0.02732732732732779,0.03995120463556012,0.01963313270278033,0.046137339055794424,0.041535698248764685,0
2017-01-31,0.047601476014759836,0.09815950920245364,0.1365912762520196,-0.08553791887125284,0.02280501710376326,0.04035639412997849,-0.03447715075622093,0.05132684468846205,0.0026308097047640366,-0.05542521994134919,0.05017568517217197,0.024615384615384706,0.02220306100452607,0
2017-02-28,0.13384994716449494,0.026232693709011157,0.010091677919124686,0.3944069431051107,-0.06911928651059118,-0.004366078925272743,0.06282634327101233,0.03853457825605289,0.00962099125364424,-0.0343061161130086,0.039614561027837336,0.09009009009008984,0.03437368199072122,0
2017-03-31,0.04877291084187663,0.04923076923076941,0.03996341377612067,0.006224066390041694,0.07345309381237541,0.02934727610052268,0.023771790808240656,-0.03154285714285676,0.020213687554143656,0.013020414724320695,-0.013388259526261659,-0.04132231404958708,-0.03832823649337336,0
2017-04-30,-0.0002962085308056972,0.04331152718249487,0.029700290914011163,-0.08591065292096212,-0.04276682781703289,0.0394887760117979,0.042879256965944634,-0.07953740854378089,0.016699688649873146,0.0044430339574736966,-0.020615866388308257,-0.010536398467433039,-0.03264786940852249,0
2017-05-31,0.06785185185185139,0.07524324324324394,0.071419185282523,-0.15864661654135337,0.38578088578088665,0.026008827238335197,0.052545643461481495,-0.03854700854700899,0.05373051224944381,-0.03507109004739328,0.008659738875566036,-0.0367860600193608,-0.04361165899627428,0
2017-06-30,-0.057158712541620194,-0.026744419867283153,-0.08376770711964188,0.11528150134048265,0.0014017381553128594,-0.012905208173298655,-0.03708926808630675,0.00791181438350086,-0.005548216644649995,0.0866077275703998,-0.010698718795403517,0.08291457286432147,0.08363886342804783,0
2017-07-31,0.03266627427898805,0.02045454545454528,0.21584900609062285,0.09054487179487158,0.12402015677491618,0.05463035019455198,0.056824838898652086,-0.05953430940201132,0.022316684378320684,0.01280699111044159,0.050333778371161264,-0.006032482598608335,-0.026644110805666976,0
2017-08-31,0.10715303505272122,-0.007288924883579573,-0.038258284707695545,-0.044819985304922594,0.04358655043586501,0.03394332939787481,-0.017876940133037755,-0.0009378223764416882,-0.006496881496881324,0.009074680154715908,0.01601627049701304,-0.004201680672268782,-0.04627416902020376,0
2017-09-30,-0.060231660231660045,-0.019579849071996613,0.03800583824623627,-0.019230769230769496,0.05513126491646814,-0.003711104767342155,0.0009877240016931133,0.014362151506618348,-0.003923620193565069,0.09302668435795414,-0.014012260728136772,0.06047819971870627,0.0799544419134397,0
2017-10-31,0.0966858394960286,0.14957353858955602,0.08315412186379922,-0.13803921568627442,0.15697805926261044,0.11661891117478529,0.11728221031857844,0.06191004997223715,0.021533613445378075,-0.005664958187213243,-0.04390305798756511,0.0809018567639257,0.017928707023834978,0
2017-11-30,0.020229770229770017,0.06478465436120162,-0.0450542177875074,-0.009099181073703666,-0.028934506353860856,0.01693610469592044,0.11367650769619009,0.009411764705882009,0.0035989717223647855,0.07921866521975063,0.0423357664233579,0.03271983640081766,0.01284707832573595,0
2017-12-31,-0.015177478580171266,-0.006288239292998488,0.023350037317411587,-0.05601469237832901,-0.035836521038856706,0.016275548826646835,0.020958423020278172,-0.0036260036260034045,0.0023053278688529577,0.03682755153343309,0.02100840336134424,0.04792079207920774,0.07446808510638303,0
2018-01-31,-0.010688540889883136,0.24063622370446414,0.40810585538653843,0.33657587548638146,0.2702025475046985,0.11073867163252626,0.07956058588548598,0.06706524564595817,0.03731152568361917,0.012365135167899277,-0.05312383090160888,0.08427815570672759,0.08415841584158401,0
2018-02-28,0.06834170854271315,0.042459332781913384,0.077987421383648,-0.11863173216884981,-0.014795331251027832,-0.008382698111098708,-0.15572001233425814,-0.03873325213154655,-0.09164818920916507,-0.11076517782301487,-0.09060977215856714,0.0031369815266637513,-0.10677906568317508,0
2018-03-31,-0.058090310442144744,-0.042978048135413505,0.013624819822911416,-0.17010734929810079,-0.04305022526280711,-0.02671325518485146,-0.0056001947893842274,-0.015374218618009805,0.013561160835368069,0.061405871263128686,0.009703113685735287,-0.062195969423210706,-0.10263468344475035,0
2018-04-30,-0.014981273408239848,0.08207820920270859,0.05793126798713377,0.08258706467661692,-0.02894507410636471,0.02466705269252989,-0.005754162585700717,-0.055250514756348235,-0.005084292213004771,0.160492260847501,-0.0791738382099828,-0.002593553167839824,-0.008545135845749563,0
2018-05-31,0.13510773130545028,0.0404801430213253,0.125264033796326,0.2619485294117645,0.12210450709283549,0.061482820976491936,-0.061076222140130754,-0.014347984017435533,-0.004841312533619968,0.05335082540723768,0.011526479750778584,-0.025260029717682042,0.046850828729281035,0
2018-06-30,-0.009379187137114942,0.04307805596465397,0.11328213879408411,0.09176984705025526,-0.06064970395263225,-0.0023424190800678257,0.03777049180327885,-0.011424359683065766,0.02918918918919,-0.035806953814218945,0.06683092085001507,-0.02934451219512213,0.02681021743719625,0
2018-07-31,0.02795311091073116,0.045652429697611074,-0.1379046061875685,0.22281521014009376,0.03356047700170306,0.0757737459978658,0.041703525843548306,0.03746505125815469,0.06302521008403428,0.09817007534983824,0.04546766743648978,0.09540636042402872,0.03330592105263164,0
2018-08-31,0.20021929824561413,0.13244064363677288,0.08958364202104052,0.37315875613747873,0.1470248887423773,0.06299603174603141,0.08055319665170346,0.021649299317283655,-0.044219367588932745,-0.03244461870221538,0.025679966864558645,0.0017921146953405742,0.02825308396339099,0
2018-09-30,-0.008222181618856128,-0.004868839427663252,0.017542428198433324,0.22725466825586071,0.001149590458398908,0.01819878674754971,-0.02032109576737362,0.032269410006154686,0.0452313259240118,-0.04882990578462176,0.0033651904697802326,-0.04293381037567068,-0.10119969040247656,0
2018-10-31,-0.030397936624908084,-0.20219670494258601,-0.19338197952583347,-0.4104888313370023,-0.24974881584613162,-0.0660861594867097,0.06784322713729041,-0.2366269165247017,0.03659742828882284,-0.08786878261795728,0.0748591360343438,-0.06654205607476638,0.012701829924650188,0
2018-11-30,-0.18126543796313876,0.057697121401752316,-0.05185897011067675,0.16968698517298186,-0.22402907977807518,0.0425949553439986,-0.02618587679759632,0.09027002901138204,0.06106870229007577,-0.0827884166277445,0.06577633549675577,0.03243892671205417,0.028061224489795755,0
2018-12-31,-0.11673242051520083,-0.11134776949473446,-0.06455107818124639,-0.13333333333333275,-0.18318540433925046,-0.08396874705826984,-0.04088604804937146,-0.08525227714665862,-0.060701438848920874,-0.07880330999363483,-0.027403677245579128,-0.12723041117145062,-0.151157981803143,0
2019-01-31,0.05517603783499747,0.14434087882822855,0.2684002092206532,0.32231852654387794,0.07666767280410491,0.028157435001541664,0.02872572676088736,0.1824793018572386,0.016515078985160025,0.10737976782752856,0.05779650812763415,0.15511111111111098,0.07113276492082798,0
2019-02-28,0.04482071713147451,-0.04596229927856654,0.05478645066273957,-0.036050798852928945,0.07429212223156756,0.0773613193403293,0.03294984921255506,0.039644242596271306,-0.057923239934071,0.018594783476850063,0.02151394422310804,0.0265486725663715,0.02001364566750108,0
2019-03-31,0.09699714013346061,0.08598609586534978,-0.004300474727729875,0.08457288567785803,0.16414405010438382,0.052695055199925234,-0.009407439446366794,0.02147797597378953,0.04248937765558658,-0.012374418034795331,0.055827947403610745,-0.050974512743628186,-0.03143812709030158,0
2019-04-30,0.05648490115142346,0.08187331536388087,0.039207987435494474,0.08268025078369923,0.007845774490025326,0.10734114743985157,0.054470036022267854,-0.005880256593014832,0.046991129225605555,-0.009428110656246047,0.030606860158311378,0.10821484992101071,0.0018416206261511192,0
2019-05-31,-0.12420316676948351,-0.07868784387003003,-0.0735683057159825,-0.007962359753890591,-0.25066725978647675,-0.04950258654994022,-0.008385093167701752,-0.08397562287148219,0.0013739409205404396,-0.13412648716343112,-0.03358934971838157,-0.13007840342124055,-0.07467830882352933,0
2019-06-30,0.130547076778587,0.06681690140845076,0.07003029596830523,0.10798978475009147,0.21252597209854596,0.08314493845767412,0.08925775133103642,0.08599941297329017,0.04459181340041196,0.15765114260919955,0.06559287909293232,0.09627201966407206,0.06655078222001509,0
2019-07-31,0.07622014537902388,-0.014152936206168198,-0.12068496134160933,0.0026341784655909972,0.02717258261933897,0.01723871366728491,-0.0010542457350976031,0.07495495495495486,0.03371278458844107,0.09645177411294359,0.08343277645186942,0.05792227204783229,0.02305005820721795,0
2019-08-31,-0.016402933230412642,-0.048532247696593256,-0.09052911854856216,0.03284072249589509,-0.006196377502383665,0.015046736074169731,0.04029550033579543,-0.07500838082467276,0.045743329097839514,-0.02951230628988144,0.018540614960991242,-0.10349699752737551,-0.02708238507055083,0
2019-09-30,0.07298410829899926,-0.02263258642044863,-0.08895319148936154,-0.07821939586645488,0.039328537170264743,0.008459983529236048,0.03864244212856249,0.07302709069493551,-0.0036452004860265674,0.03827638839967151,0.034513832567360625,0.06737588652482263,0.0830409356725148,0
2019-10-31,0.1106235143536296,0.02338709677419426,0.0739481354158884,0.17040358744394668,0.15459160129210892,0.0312546399406084,-0.011987213638785077,-0.08038503757493853,-0.0002032520325203624,0.14078932488974383,0.007491289198606088,0.07198228128460737,0.02354211663066974,0
2019-11-30,0.07754362858083574,0.013621524259822104,0.09481228906440342,0.15384615384615397,0.07913669064748197,0.059462961629832334,0.01563763817740571,0.017261959416031702,-0.01158772108152073,-0.01050753370340951,-0.019712951755144648,0.06542699724517909,0.06499261447562765,0
2019-12-31,0.09885408708938104,0.026099511328298464,0.02831627788724278,0.17139208173690945,0.0855555555555556,0.04172045933274493,0.002389169100079691,-0.0030688690315011646,0.03640477169888934,-0.028851933480264713,0.02328452989945351,0.06302521008403339,-0.012284525460669493,0
2020-01-31,0.054087875417130116,0.08713064184435582,0.06650801990295774,0.024858264282599407,0.004776526782668267,0.07944687235013959,-0.03663488700564954,0.07224988682661881,0.05516967652311955,-0.1799050959356302,0.00370625754180276,-0.06810580723624238,-0.1273821464393181,0
2020-02-29,-0.11476058567471281,-0.06222620469932327,0.0693732069894808,-0.032340425531915074,0.14295415959252922,-0.045682518581182996,-0.05947035645560372,-0.08502913113231492,-0.08406996426556379,-0.17245283018867907,-0.0914555603263204,-0.13181076672104453,-0.12045977011494302,0
2020-03-31,-0.06973625391148908,0.035035566408323504,0.017532449936320083,6.661338147750939e-16,-0.023915626856803263,-0.026530741467738483,0.0598207326578335,-0.1476559616094505,-0.16550308008213566,-0.28332573339413303,-0.02844990548204185,-0.2502818489289744,-0.2974385781495035,0
2020-04-30,0.1553740189011703,0.26884808698328033,0.11810918774966672,0.15193491644679025,0.10881144422462374,0.13633407050865132,0.06977385548814197,0.1318752706799471,0.03715551181102339,0.36394485683987243,0.07860686837241015,0.1328320802005014,0.01227678571428581,0
2020-05-31,0.08512408151947937,-0.012772837510105273,-0.00028581636298663504,0.026913533117007393,0.21465824869613015,0.025414997137951145,0.025178310561140504,0.00813085900133892,0.01708185053380773,0.0831907945887107,-0.016505817624244523,0.003097345132743401,-0.07056229327453156,0
2020-06-30,0.1473105915420978,0.1295447101211924,0.08412550925595075,-0.02211895910780659,0.07062146892655408,0.11052807859774494,-0.03453478625314277,-0.0331150963089476,-0.03405644973174715,-0.08139534883720956,0.03145634629493754,-0.008822232024702448,-0.03281929616449142,0
2020-07-31,0.16514476614699314,0.1470929389589677,0.07436708860759511,0.47177342710511305,0.1175725593667547,0.007389162561576512,0.08030908143774962,0.017958783120706645,0.05723255252354509,-0.13736521331458007,0.103583177736285,0.04761904761904767,-0.05233033524121056,0
2020-08-31,0.21657268469846147,0.09050116918409978,0.08321060382916046,0.17293038873821542,0.2599867787326473,0.10273938426226215,0.0774732781483567,0.016195893184228316,0.04842393787117394,-0.04365942028985548,0.05494682565259379,0.03483432455395108,-0.00043140638481420357,0
2020-09-30,-0.10252180061277405,-0.0875688206317009,-0.05576327517184043,-0.0972252807751599,0.011992205066707173,-0.06737556561085933,0.007607965987916687,-0.013281472346077128,0.00479302832244044,-0.11346845993559396,0.004811363983503902,-0.057881773399015124,-0.026327147173068832,0
2020-10-31,-0.06004901960784259,-0.0357596544715445,-0.04857708537487759,-0.08171728259543842,-0.07361872315212625,-0.03740720974237022,-0.008290769116884755,-0.0822997788674169,-0.026452732003469426,-0.09978632478632499,-0.008132553013605603,-0.01612200435729827,-0.08776595744680815,0
2020-11-30,0.0955485192773331,0.04340952506422502,0.031445747677303126,0.23070792933988615,0.06915574032619087,0.0600806451612903,0.10121669030379965,0.12226296490309041,0.08218262806236054,0.3183004984571558,0.012873563218390505,0.18821966341895524,0.28085519922254587,0
2020-12-31,0.11458687521251232,0.028093434343434476,0.10195638883228053,-0.010252536153679714,-0.02557391759515515,0.038988208444274974,-0.05307395106080093,0.019137415982075856,0.06277011730808768,0.15448325531148677,0.001967014676955925,0.08311591502049942,0.10356600910470393,0
2021-01-31,-0.005567419158022946,-0.015597175314706169,-0.015423594030292254,-0.06618689346854256,-0.0049881052873915754,0.042925132710964986,-0.025411596277737925,-0.05386095081066167,-0.12199845081332306,-0.030567685589519833,-0.07301419510721796,-0.02167928423950438,-0.009969061533172785,0
2021-02-28,-0.0796840248485311,-0.03530659347514131,0.012133961945189897,-0.013194768799626777,0.05583834644454733,0.004080737165423232,-0.07521116415717966,0.011908219575951229,0.017423908248787257,0.23889961389961356,-0.03649099942982814,0.1705944424903274,0.2145833333333329,0
2021-03-31,0.007333333333333414,0.0003233107015836456,-0.03190127122575859,-0.07111584427878392,-0.02636961285609929,0.014595988288248485,0.049797474386467755,0.12045541523153513,0.08476045957077782,-0.01817945721334835,0.09628878180742229,0.12019230769230727,0.08004574042309986,0
2021-04-30,0.07619126406353494,0.12068519715578607,-0.015699881148640626,0.039745222929936874,0.12446545127166364,0.06960416935865954,0.03003480102889977,0.06464008197421256,0.024180655475618762,-0.007670942996957808,-0.008482418260333136,0.047478540772531774,0.15299100052938064,0
2021-05-31,-0.05042662771927153,-0.07048508969256484,-0.020760706565135734,-0.01886792452830177,0.08226581265011967,-0.007610840413964648,0.01917003305178122,0.02446262431825441,0.024195121951219756,0.05197920831667324,0.010732617825478075,0.04583866837387918,0.03948576675849358,0
2021-06-30,0.09908524245122652,0.06739062984796695,0.05051609952069347,0.17295204795204833,0.23161334073115092,0.08496997240707604,-0.00713462092822148,0.01980740624755306,-0.013907410935416364,0.019004180919802716,0.0005386272699297034,-0.023261508325171376,-0.030697879858657573,0
2021-07-31,0.06496280474331528,-0.0327306551944655,-0.02014350353079264,0.1305227296923237,-0.025177695465011696,0.051724137931034475,0.010887711403062994,-0.03838476892369125,0.05390262751159214,-0.14434912346139506,0.06075521033607645,-0.06944096264727961,0.014354066985645675,0
2021-08-31,0.042464900753854895,0.043034018511839855,0.09973530150511034,0.04265938412279824,0.1481899871630299,0.061590981828526514,0.04272276872262504,0.0071052211400299825,-0.012648945921172938,-0.01961639058413256,0.001087508156311312,0.08836206896551757,-0.0008984725965853757,0
2021-09-30,-0.06800238837656769,-0.05353232684107423,0.07229571847713423,-0.07062861271676257,-0.0745494387549751,-0.06612400763742332,-0.05887618785291271,-0.01006738010305186,-0.06108429261047155,-0.01496961612568537,-0.018177867902665512,0.02202970297029716,0.015512589928057707,0
2021-10-31,0.05865603644646922,0.02660578386605761,0.13102533014385465,0.1684159378036929,0.23417415676041364,0.17629757164891213,0.07207141289236807,-0.09953555413196657,0.07435238283567314,0.0678603671381286,0.02921000221287917,0.12545410511019606,0.10228027451848609,0
2021-11-30,0.10509682625067196,0.039912228679871875,-0.0701279135460876,0.31722531814023247,0.27803445575567753,-0.0012807220833089827,-0.05883155883155933,-0.00782570031124985,-0.06239646604086169,-0.06411159644920394,0.01110872213860814,-0.06929201635463755,-0.062462341835709645,0
2021-12-31,0.07423182233039327,-0.04921585400627304,-0.06147374980526543,-0.09136831470606788,-0.09978248215434626,0.017342452369321304,0.032994923857868175,0.141346240028682,0.12897526501766765,0.047576031315869294,0.13141480011341145,0.005317919075144006,0.004284490145672448,0
2022-01-31,-0.015746247521948642,-0.10286708253358934,-0.2909833344399443,-0.20604586518415557,-0.1674720936564117,-0.07536014405762315,-0.03369603369603369,-0.0006282393591955371,0.03042949052338706,0.17016384018396113,-0.013845382784112514,0.03702851885924607,0.12137372013651904,0
2022-02-28,-0.05403694538758119,0.02667647255465666,-0.07636840380203247,0.07956236323851185,-0.004128684135224714,-0.037196922977051905,-0.03327279331638222,-0.07174288857457212,0.020080998987512366,0.0041758781626135555,-0.028397179340575507,-0.042137946329563025,-0.003614228647517259,0
2022-03-31,0.05742791093806976,0.06147434227663506,-0.05051708405150568,-0.11350737797956878,0.11916098842459477,0.03185787007382923,0.10603441797550173,0.061288411072546456,0.003804797353184508,0.02544031311154593,-0.019877075977507763,-0.06274600601991187,-0.09201985490645304,0
2022-04-30,-0.09711195489586899,-0.23754601226993854,-0.49181772070797414,-0.21785256996524605,-0.3202640748211991,-0.09987584945112393,0.027313493681206946,0.016830182659328008,0.04202373104812129,0.004293893129770465,0.056637758505670766,-0.13438735177865602,-0.09966358284272525,0
2022-05-31,-0.054479418886199005,-0.03274863212101675,0.03719268753939886,0.19106641721234818,0.006744725624561854,-0.018075568944866283,-0.15615079365079365,0.06291182930655848,-0.01897833306974539,0.1739904988123513,-0.07891912368205112,0.042522831050228804,0.054880896777206756,0
2022-06-30,-0.08147449289035635,-0.11646285666749856,-0.11431320907617493,-0.24926369526801473,-0.18796226819594852,-0.0552988577976562,-0.05478485774747266,0.016900369003689963,-0.0003224246332418357,-0.18674759736975233,-0.027623551991226236,-0.15822611552148913,-0.14434359087890158,0
2022-07-31,0.1887013939838591,0.27059598907824145,0.286098244410133,0.23538642604943139,0.1981387367170493,0.09308604296278888,0.08606965174129355,-0.07366282023368897,0.020158039025963914,0.08558278392834917,-0.027703369519244125,0.085853658536585,0.12005174644243177,0
2022-08-31,0.03042834217997803,-0.009855502037792174,-0.0015562472209874612,-0.02095903461416282,-0.0540406544372829,-0.013244558991981514,0.019239578561612403,0.04316828580382359,0.0015807777426495306,0.038272029334250224,0.054302907271804424,0.017969451931716396,0.018480018480018456,0
