Date,VFINX,VINEX,VUSTX
2010-01-04,82.42,8.33,5.74
2010-01-05,82.68,8.36,5.77
2010-01-06,82.76,8.41,5.71
2010-01-07,83.1,8.38,5.73
2010-01-08,83.34,8.46,5.73
2010-01-11,83.48,8.52,5.7
2010-01-12,82.7,8.48,5.79
2010-01-13,83.4,8.51,5.74
2010-01-14,83.6,8.56,5.79
2010-01-15,82.7,8.49,5.81
2010-01-19,83.73,8.53,5.81
2010-01-20,82.85,8.36,5.85
2010-01-21,81.29,8.29,5.88
2010-01-22,79.49,8.18,5.88
2010-01-25,79.85,8.23,5.85
2010-01-26,79.52,8.16,5.86
2010-01-27,79.91,8.11,5.85
2010-01-28,78.97,8.07,5.84
2010-01-29,78.2,7.97,5.9
2010-02-01,79.31,8.04,5.86
2010-02-02,80.34,8.17,5.87
2010-02-03,79.93,8.13,5.81
2010-02-04,77.44,7.89,5.9
2010-02-05,77.66,7.76,5.91
2010-02-08,77.0,7.67,5.91
2010-02-09,78.01,7.8,5.86
2010-02-10,77.85,7.79,5.81
2010-02-11,78.62,7.85,5.79
2010-02-12,78.42,7.83,5.81
2010-02-16,79.84,7.94,5.82
2010-02-17,80.2,7.95,5.77
2010-02-18,80.73,7.99,5.75
2010-02-19,80.92,7.93,5.76
2010-02-22,80.83,7.97,5.75
2010-02-23,79.86,7.86,5.82
2010-02-24,80.65,7.88,5.83
2010-02-25,80.5,7.84,5.86
2010-02-26,80.61,7.9,5.89
2010-03-01,81.43,7.96,5.9
2010-03-02,81.62,8.0,5.89
2010-03-03,81.67,8.08,5.88
2010-03-04,81.97,8.04,5.9
2010-03-05,83.13,8.13,5.84
2010-03-08,83.13,8.16,5.81
2010-03-09,83.27,8.17,5.82
2010-03-10,83.66,8.23,5.81
2010-03-11,84.01,8.26,5.82
2010-03-12,84.0,8.32,5.84
2010-03-15,84.04,8.26,5.84
2010-03-16,84.7,8.35,5.88
2010-03-17,85.2,8.41,5.9
2010-03-18,85.17,8.39,5.88
2010-03-19,84.73,8.35,5.88
2010-03-22,85.17,8.35,5.89
2010-03-23,85.79,8.39,5.87
2010-03-24,85.32,8.29,5.78
2010-03-25,85.17,8.29,5.74
2010-03-26,85.24,8.37,5.75
2010-03-29,85.73,8.44,5.74
2010-03-30,85.75,8.45,5.76
2010-03-31,85.46,8.47,5.8
2010-04-01,86.11,8.59,5.79
2010-04-05,86.79,8.61,5.71
2010-04-06,86.94,8.65,5.72
2010-04-07,86.46,8.62,5.78
2010-04-08,86.76,8.61,5.77
2010-04-09,87.34,8.71,5.78
2010-04-12,87.5,8.71,5.81
2010-04-13,87.56,8.69,5.83
2010-04-14,88.53,8.8,5.79
2010-04-15,88.61,8.81,5.8
2010-04-16,87.19,8.69,5.84
2010-04-19,87.57,8.63,5.82
2010-04-20,88.28,8.68,5.84
2010-04-21,88.19,8.68,5.87
2010-04-22,88.4,8.65,5.86
2010-04-23,89.03,8.74,5.84
2010-04-26,88.65,8.75,5.84
2010-04-27,86.57,8.52,5.92
2010-04-28,87.15,8.46,5.87
2010-04-29,88.28,8.55,5.89
2010-04-30,86.81,8.56,5.96
2010-05-03,87.95,8.58,5.96
2010-05-04,85.85,8.31,6.04
2010-05-05,85.31,8.17,6.06
2010-05-06,82.57,7.95,6.21
2010-05-07,81.3,7.79,6.15
2010-05-10,84.88,8.13,6.05
2010-05-11,84.61,8.08,6.04
2010-05-12,85.8,8.18,6.01
2010-05-13,84.77,8.12,6.04
2010-05-14,83.17,7.96,6.11
2010-05-17,83.28,7.9,6.09
2010-05-18,82.11,7.73,6.17
2010-05-19,81.7,7.67,6.18
2010-05-20,78.52,7.46,6.29
2010-05-21,79.7,7.54,6.29
2010-05-24,78.67,7.46,6.28
2010-05-25,78.7,7.3,6.31
2010-05-26,78.26,7.3,6.29
2010-05-27,80.86,7.63,6.17
2010-05-28,79.87,7.57,6.22
2010-06-01,78.5,7.57,6.24
2010-06-02,80.54,7.65,6.2
2010-06-03,80.87,7.67,6.16
2010-06-04,78.09,7.47,6.3
2010-06-07,77.04,7.36,6.34
2010-06-08,77.9,7.43,6.31
2010-06-09,77.44,7.45,6.3
2010-06-10,79.72,7.69,6.21
2010-06-11,80.09,7.72,6.27
2010-06-14,79.95,7.8,6.25
2010-06-15,81.83,7.95,6.22
2010-06-16,81.79,7.92,6.25
2010-06-17,81.9,7.95,6.29
2010-06-18,82.01,7.97,6.28
2010-06-21,81.7,7.99,6.27
2010-06-22,80.4,7.93,6.32
2010-06-23,80.16,7.95,6.36
2010-06-24,78.81,7.82,6.33
2010-06-25,79.03,7.86,6.35
2010-06-28,78.88,7.83,6.4
2010-06-29,76.44,7.59,6.46
2010-06-30,75.68,7.56,6.51
2010-07-01,75.44,7.62,6.51
2010-07-02,75.09,7.64,6.47
2010-07-06,75.49,7.79,6.52
2010-07-07,77.9,7.9,6.46
2010-07-08,78.63,7.96,6.43
2010-07-09,79.2,7.97,6.39
2010-07-12,79.25,7.97,6.39
2010-07-13,80.48,8.06,6.35
2010-07-14,80.46,8.09,6.4
2010-07-15,80.56,8.13,6.45
2010-07-16,78.25,7.96,6.49
2010-07-19,78.71,7.95,6.45
2010-07-20,79.61,7.99,6.46
2010-07-21,78.6,7.92,6.55
2010-07-22,80.38,8.13,6.49
2010-07-23,81.04,8.22,6.43
2010-07-26,81.94,8.31,6.42
2010-07-27,81.86,8.3,6.37
2010-07-28,81.29,8.25,6.39
2010-07-29,80.97,8.31,6.39
2010-07-30,80.97,8.28,6.5
2010-08-02,82.76,8.48,6.43
2010-08-03,82.36,8.48,6.46
2010-08-04,82.89,8.46,6.43
2010-08-05,82.78,8.48,6.46
2010-08-06,82.49,8.5,6.52
2010-08-09,82.93,8.51,6.5
2010-08-10,82.45,8.43,6.52
2010-08-11,80.16,8.13,6.59
2010-08-12,79.74,8.09,6.57
2010-08-13,79.42,8.08,6.64
2010-08-16,79.43,8.12,6.77
2010-08-17,80.42,8.23,6.72
2010-08-18,80.56,8.25,6.74
2010-08-19,79.2,8.19,6.82
2010-08-20,78.9,8.1,6.81
2010-08-23,78.58,8.08,6.8
2010-08-24,77.45,7.98,6.9
2010-08-25,77.71,7.95,6.88
2010-08-26,77.11,7.98,6.92
2010-08-27,78.41,8.1,6.77
2010-08-30,77.27,8.05,6.88
2010-08-31,77.31,8.06,6.96
2010-09-01,79.59,8.3,6.84
2010-09-02,80.33,8.33,6.78
2010-09-03,81.39,8.42,6.71
2010-09-07,80.46,8.33,6.82
2010-09-08,81.0,8.39,6.77
2010-09-09,81.39,8.48,6.66
2010-09-10,81.79,8.52,6.64
2010-09-13,82.72,8.66,6.66
2010-09-14,82.66,8.71,6.72
2010-09-15,82.96,8.71,6.64
2010-09-16,82.94,8.69,6.6
2010-09-17,83.01,8.69,6.61
2010-09-20,84.27,8.79,6.64
2010-09-21,84.06,8.85,6.72
2010-09-22,83.66,8.84,6.76
2010-09-23,82.96,8.77,6.78
2010-09-24,84.72,8.93,6.7
2010-09-27,84.24,8.95,6.8
2010-09-28,84.66,9.01,6.84
2010-09-29,84.45,9.02,6.82
2010-09-30,84.2,9.0,6.83
2010-10-01,84.57,9.08,6.81
2010-10-04,83.89,9.02,6.82
2010-10-05,85.64,9.16,6.8
2010-10-06,85.63,9.24,6.87
2010-10-07,85.49,9.24,6.84
2010-10-08,86.01,9.27,6.81
2010-10-11,86.02,9.27,6.81
2010-10-12,86.35,9.24,6.76
2010-10-13,86.97,9.35,6.75
2010-10-14,86.66,9.43,6.67
2010-10-15,86.83,9.37,6.6
2010-10-18,87.46,9.4,6.64
2010-10-19,86.07,9.21,6.68
2010-10-20,86.99,9.33,6.68
2010-10-21,87.15,9.31,6.62
2010-10-22,87.35,9.33,6.64
2010-10-25,87.55,9.38,6.66
2010-10-26,87.55,9.33,6.57
2010-10-27,87.32,9.23,6.52
2010-10-28,87.43,9.29,6.54
2010-10-29,87.39,9.33,6.61
2010-11-01,87.47,9.33,6.59
2010-11-02,88.15,9.42,6.65
2010-11-03,88.49,9.47,6.57
2010-11-04,90.21,9.63,6.61
2010-11-05,90.57,9.58,6.52
2010-11-08,90.38,9.54,6.54
2010-11-09,89.69,9.47,6.43
2010-11-10,90.09,9.47,6.43
2010-11-11,89.72,9.39,6.44
2010-11-12,88.66,9.32,6.39
2010-11-15,88.56,9.3,6.27
2010-11-16,87.15,9.12,6.38
2010-11-17,87.18,9.15,6.35
2010-11-18,88.52,9.34,6.36
2010-11-19,88.75,9.38,6.39
2010-11-22,88.61,9.36,6.42
2010-11-23,87.35,9.13,6.45
2010-11-24,88.65,9.22,6.35
2010-11-26,88.01,9.15,6.41
2010-11-29,87.92,9.1,6.45
2010-11-30,87.39,9.03,6.5
2010-12-01,89.29,9.22,6.37
2010-12-02,90.43,9.41,6.35
2010-12-03,90.67,9.51,6.31
2010-12-06,90.56,9.53,6.39
2010-12-07,90.61,9.55,6.26
2010-12-08,90.97,9.56,6.2
2010-12-09,91.32,9.56,6.22
2010-12-10,91.87,9.56,6.18
2010-12-13,91.89,9.68,6.19
2010-12-14,91.97,9.71,6.11
2010-12-15,91.51,9.63,6.05
2010-12-16,92.07,9.65,6.08
2010-12-17,92.15,9.64,6.18
2010-12-20,92.39,9.63,6.17
2010-12-21,92.96,9.68,6.2
2010-12-22,93.28,9.7,6.17
2010-12-23,93.13,9.73,6.14
2010-12-27,93.19,9.71,6.2
2010-12-28,93.26,9.74,6.09
2010-12-29,93.38,9.87,6.18
2010-12-30,93.23,9.88,6.17
2010-12-31,93.22,9.97,6.27
2011-01-03,94.27,9.99,6.22
2011-01-04,94.15,10.0,6.22
2011-01-05,94.63,9.95,6.11
2011-01-06,94.47,9.89,6.13
2011-01-07,94.29,9.84,6.16
2011-01-10,94.17,9.79,6.19
2011-01-11,94.51,9.89,6.16
2011-01-12,95.37,10.04,6.13
2011-01-13,95.21,10.09,6.17
2011-01-14,95.92,10.11,6.14
2011-01-18,96.06,10.16,6.11
2011-01-19,95.09,10.13,6.14
2011-01-20,94.97,10.0,6.08
2011-01-21,95.2,10.02,6.1
2011-01-24,95.76,10.06,6.11
2011-01-25,95.78,10.06,6.16
2011-01-26,96.19,10.11,6.09
2011-01-27,96.41,10.14,6.1
2011-01-28,94.69,10.0,6.14
2011-01-31,95.41,10.04,6.12
2011-02-01,97.01,10.25,6.09
2011-02-02,96.76,10.23,6.08
2011-02-03,97.0,10.2,6.04
2011-02-04,97.28,10.2,5.98
2011-02-07,97.89,10.26,6.0
2011-02-08,98.33,10.28,5.95
2011-02-09,98.07,10.24,5.99
2011-02-10,98.15,10.09,5.94
2011-02-11,98.7,10.11,6.01
2011-02-14,98.95,10.17,6.02
2011-02-15,98.65,10.12,6.04
2011-02-16,99.28,10.19,6.03
2011-02-17,99.6,10.23,6.03
2011-02-18,99.79,10.27,6.02
2011-02-22,97.74,9.99,6.1
2011-02-23,97.14,9.99,6.11
2011-02-24,97.07,9.93,6.14
2011-02-25,98.12,10.07,6.17
2011-02-28,98.67,10.17,6.19
2011-03-01,97.12,10.11,6.21
2011-03-02,97.29,10.13,6.13
2011-03-03,98.97,10.23,6.07
2011-03-04,98.24,10.24,6.12
2011-03-07,97.42,10.18,6.1
2011-03-08,98.31,10.16,6.06
2011-03-09,98.19,10.18,6.11
2011-03-10,96.34,9.95,6.19
2011-03-11,97.05,9.93,6.17
2011-03-14,96.46,9.71,6.17
2011-03-15,95.38,9.51,6.23
2011-03-16,93.53,9.42,6.3
2011-03-17,94.78,9.63,6.26
2011-03-18,95.19,9.82,6.27
2011-03-21,96.61,10.0,6.24
2011-03-22,96.28,10.0,6.25
2011-03-23,96.56,9.99,6.24
2011-03-24,97.46,10.09,6.2
2011-03-25,97.78,10.02,6.18
2011-03-28,97.51,10.05,6.19
2011-03-29,98.22,10.08,6.15
2011-03-30,98.88,10.21,6.18
2011-03-31,98.7,10.21,6.2
2011-04-01,99.19,10.27,6.21
2011-04-04,99.23,10.29,6.22
2011-04-05,99.22,10.26,6.2
2011-04-06,99.48,10.3,6.12
2011-04-07,99.33,10.24,6.1
2011-04-08,98.93,10.36,6.08
2011-04-11,98.65,10.33,6.09
2011-04-12,97.89,10.21,6.14
2011-04-13,97.92,10.27,6.17
2011-04-14,97.93,10.32,6.17
2011-04-15,98.31,10.31,6.24
2011-04-18,97.23,10.13,6.25
2011-04-19,97.79,10.21,6.27
2011-04-20,99.11,10.42,6.24
2011-04-21,99.64,10.49,6.24
2011-04-25,99.48,10.49,6.25
2011-04-26,100.37,10.52,6.3
2011-04-27,101.01,10.61,6.25
2011-04-28,101.38,10.7,6.29
2011-04-29,101.61,10.72,6.32
2011-05-02,101.43,10.7,6.33
2011-05-03,101.09,10.62,6.36
2011-05-04,100.41,10.52,6.39
2011-05-05,99.51,10.34,6.44
2011-05-06,99.9,10.37,6.42
2011-05-09,100.36,10.42,6.42
2011-05-10,101.17,10.51,6.38
2011-05-11,100.1,10.4,6.41
2011-05-12,100.6,10.37,6.38
2011-05-13,99.79,10.24,6.42
2011-05-16,99.18,10.2,6.45
2011-05-17,99.16,10.21,6.5
2011-05-18,100.06,10.25,6.44
2011-05-19,100.29,10.3,6.44
2011-05-20,99.51,10.22,6.44
2011-05-23,98.32,10.02,6.46
2011-05-24,98.24,10.08,6.48
2011-05-25,98.56,10.08,6.45
2011-05-26,98.98,10.17,6.5
2011-05-27,99.4,10.27,6.48
2011-05-31,100.45,10.45,6.53
2011-06-01,98.18,10.33,6.6
2011-06-02,98.05,10.3,6.51
2011-06-03,97.11,10.3,6.53
2011-06-06,96.07,10.23,6.5
2011-06-07,95.98,10.29,6.52
2011-06-08,95.59,10.17,6.56
2011-06-09,96.3,10.23,6.54
2011-06-10,94.95,10.04,6.57
2011-06-13,95.05,10.06,6.55
2011-06-14,96.25,10.15,6.46
2011-06-15,94.58,9.91,6.55
2011-06-16,94.76,9.83,6.59
2011-06-17,95.05,9.91,6.56
2011-06-20,95.56,9.85,6.56
2011-06-21,96.85,10.0,6.54
2011-06-22,96.23,9.94,6.54
2011-06-23,95.96,9.82,6.58
2011-06-24,94.83,9.77,6.57
2011-06-27,95.7,9.78,6.5
2011-06-28,96.96,9.85,6.44
2011-06-29,97.78,10.0,6.4
2011-06-30,98.77,10.16,6.4
2011-07-01,100.19,10.26,6.38
2011-07-05,100.07,10.21,6.41
2011-07-06,100.2,10.17,6.43
2011-07-07,101.26,10.24,6.41
2011-07-08,100.55,10.18,6.49
2011-07-11,98.73,9.91,6.57
2011-07-12,98.3,9.82,6.6
2011-07-13,98.61,10.01,6.61
2011-07-14,97.95,9.96,6.54
2011-07-15,98.49,9.95,6.54
2011-07-18,97.69,9.78,6.5
2011-07-19,99.29,9.91,6.6
2011-07-20,99.24,10.02,6.54
2011-07-21,100.58,10.19,6.49
2011-07-22,100.68,10.25,6.53
2011-07-25,100.11,10.21,6.47
2011-07-26,99.7,10.26,6.52
2011-07-27,97.68,10.08,6.51
2011-07-28,97.37,10.01,6.53
2011-07-29,96.74,10.0,6.67
2011-08-01,96.34,9.94,6.73
2011-08-02,93.88,9.67,6.89
2011-08-03,94.38,9.59,6.9
2011-08-04,89.88,9.05,7.1
2011-08-05,89.83,9.02,6.94
2011-08-08,83.85,8.43,7.13
2011-08-09,87.83,8.82,7.17
2011-08-10,83.99,8.52,7.34
2011-08-11,87.89,8.81,7.06
2011-08-12,88.35,8.9,7.17
2011-08-15,90.28,9.14,7.11
2011-08-16,89.42,9.01,7.2
2011-08-17,89.53,9.05,7.29
2011-08-18,85.54,8.65,7.42
2011-08-19,84.26,8.5,7.47
2011-08-22,84.28,8.49,7.45
2011-08-23,87.16,8.66,7.36
2011-08-24,88.33,8.65,7.18
2011-08-25,86.95,8.56,7.24
2011-08-26,88.28,8.66,7.3
2011-08-29,90.79,8.84,7.21
2011-08-30,91.01,8.87,7.32
2011-08-31,91.48,9.03,7.25
2011-09-01,90.4,8.98,7.36
2011-09-02,88.11,8.8,7.56
2011-09-06,87.46,8.47,7.62
2011-09-07,89.99,8.71,7.51
2011-09-08,89.03,8.6,7.56
2011-09-09,86.66,8.37,7.64
2011-09-12,87.27,8.26,7.64
2011-09-13,88.09,8.31,7.55
2011-09-14,89.28,8.35,7.59
2011-09-15,90.83,8.47,7.5
2011-09-16,91.35,8.56,7.53
2011-09-19,90.45,8.35,7.66
2011-09-20,90.31,8.32,7.69
2011-09-21,87.65,8.13,7.88
2011-09-22,84.85,7.85,8.13
2011-09-23,85.37,7.83,8.01
2011-09-26,87.36,7.85,7.88
2011-09-27,88.3,8.11,7.76
2011-09-28,86.5,8.05,7.77
2011-09-29,87.2,8.17,7.81
2011-09-30,85.02,7.97,7.98
2011-10-03,82.6,7.72,8.17
2011-10-04,84.47,7.72,8.1
2011-10-05,86.02,7.8,8.04
2011-10-06,87.61,8.01,7.91
2011-10-07,86.9,7.99,7.84
2011-10-10,89.86,8.27,7.73
2011-10-11,89.91,8.28,7.73
2011-10-12,90.8,8.41,7.63
2011-10-13,90.54,8.44,7.69
2011-10-14,92.11,8.53,7.6
2011-10-17,90.33,8.38,7.7
2011-10-18,92.18,8.45,7.67
2011-10-19,91.02,8.36,7.67
2011-10-20,91.44,8.3,7.62
2011-10-21,93.16,8.45,7.56
2011-10-24,94.36,8.65,7.56
2011-10-25,92.47,8.53,7.72
2011-10-26,93.44,8.59,7.61
2011-10-27,96.66,9.01,7.38
2011-10-28,96.69,8.98,7.45
2011-10-31,94.3,8.61,7.72
2011-11-01,91.67,8.32,7.93
2011-11-02,93.15,8.41,7.87
2011-11-03,94.92,8.56,7.78
2011-11-04,94.32,8.52,7.78
2011-11-07,94.93,8.53,7.83
2011-11-08,96.09,8.59,7.74
2011-11-09,92.58,8.23,7.88
2011-11-10,93.38,8.25,7.78
2011-11-11,95.2,8.45,7.74
2011-11-14,94.31,8.34,7.83
2011-11-15,94.78,8.31,7.82
2011-11-16,93.23,8.17,7.88
2011-11-17,91.67,8.09,7.94
2011-11-18,91.64,8.08,7.93
2011-11-21,89.93,7.88,7.97
2011-11-22,89.56,7.86,8.04
2011-11-23,87.59,7.65,8.11
2011-11-25,87.37,7.59,8.01
2011-11-28,89.93,7.85,8.0
2011-11-29,90.16,7.93,7.96
2011-11-30,94.08,8.28,7.86
2011-12-01,93.91,8.2,7.82
2011-12-02,93.88,8.22,7.91
2011-12-05,94.85,8.3,7.9
2011-12-06,94.96,8.25,7.84
2011-12-07,95.18,8.31,7.88
2011-12-08,93.17,8.08,7.96
2011-12-09,94.74,8.21,7.82
2011-12-12,93.33,7.99,7.89
2011-12-13,92.53,7.91,7.95
2011-12-14,91.5,7.79,8.08
2011-12-15,91.8,7.8,8.06
2011-12-16,92.1,7.81,8.13
2011-12-19,91.02,7.71,8.21
2011-12-20,93.75,7.94,8.04
2011-12-21,93.93,7.92,7.95
2011-12-22,94.74,7.95,7.97
2011-12-23,95.59,8.0,7.88
2011-12-27,95.6,7.99,7.92
2011-12-28,94.43,7.86,8.05
2011-12-29,95.44,7.94,8.07
2011-12-30,95.04,8.0,8.11
2012-01-03,96.51,8.21,8.0
2012-01-04,96.55,8.16,7.93
2012-01-05,96.83,8.05,7.91
2012-01-06,96.62,7.99,7.96
2012-01-09,96.84,8.01,7.95
2012-01-10,97.7,8.11,7.94
2012-01-11,97.74,8.12,8.03
2012-01-12,97.97,8.2,8.02
2012-01-13,97.48,8.15,8.09
2012-01-17,97.83,8.27,8.12
2012-01-18,98.93,8.42,8.04
2012-01-19,99.42,8.53,7.94
2012-01-20,99.5,8.57,7.86
2012-01-23,99.54,8.64,7.81
2012-01-24,99.44,8.57,7.82
2012-01-25,100.3,8.67,7.82
2012-01-26,99.73,8.71,7.9
2012-01-27,99.58,8.77,7.93
2012-01-30,99.32,8.64,8.01
2012-01-31,99.28,8.71,8.11
2012-02-01,100.18,8.85,8.03
2012-02-02,100.3,8.89,8.03
2012-02-03,101.78,9.0,7.88
2012-02-06,101.74,8.99,7.94
2012-02-07,101.94,9.01,7.86
2012-02-08,102.2,9.07,7.86
2012-02-09,102.35,9.08,7.81
2012-02-10,101.65,8.96,7.9
2012-02-13,102.36,9.02,7.9
2012-02-14,102.28,8.96,7.95
2012-02-15,101.77,8.97,7.93
2012-02-16,102.9,9.04,7.87
2012-02-17,103.15,9.08,7.87
2012-02-21,103.22,9.14,7.8
2012-02-22,102.88,9.15,7.87
2012-02-23,103.34,9.2,7.89
2012-02-24,103.53,9.27,7.92
2012-02-27,103.67,9.19,7.98
2012-02-28,104.03,9.26,7.97
2012-02-29,103.56,9.19,7.94
2012-03-01,104.21,9.25,7.87
2012-03-02,103.87,9.2,7.92
2012-03-05,103.48,9.17,7.88
2012-03-06,101.88,8.89,7.95
2012-03-07,102.62,8.97,7.92
2012-03-08,103.64,9.14,7.85
2012-03-09,104.02,9.13,7.85
2012-03-12,104.03,9.11,7.85
2012-03-13,105.95,9.22,7.73
2012-03-14,105.83,9.17,7.56
2012-03-15,106.46,9.21,7.56
2012-03-16,106.59,9.25,7.57
2012-03-19,107.01,9.29,7.49
2012-03-20,106.68,9.19,7.51
2012-03-21,106.5,9.15,7.59
2012-03-22,105.73,9.07,7.6
2012-03-23,106.06,9.16,7.67
2012-03-26,107.53,9.29,7.64
2012-03-27,107.24,9.26,7.68
2012-03-28,106.74,9.21,7.68
2012-03-29,106.56,9.15,7.73
2012-03-30,106.96,9.23,7.64
2012-04-02,107.77,9.29,7.67
2012-04-03,107.36,9.19,7.55
2012-04-04,106.27,8.99,7.63
2012-04-05,106.24,8.97,7.69
2012-04-09,105.03,8.94,7.85
2012-04-10,103.24,8.76,7.92
2012-04-11,104.02,8.86,7.85
2012-04-12,105.46,9.04,7.82
2012-04-13,104.14,8.91,7.92
2012-04-16,104.09,8.92,7.92
2012-04-17,105.7,9.04,7.91
2012-04-18,105.28,9.04,7.93
2012-04-19,104.65,8.99,7.94
2012-04-20,104.78,9.06,7.94
2012-04-23,103.9,8.91,7.99
2012-04-24,104.28,9.0,7.94
2012-04-25,105.71,9.12,7.91
2012-04-26,106.43,9.14,7.94
2012-04-27,106.69,9.18,7.95
2012-04-30,106.27,9.17,7.97
2012-05-01,106.88,9.19,7.94
2012-05-02,106.62,9.18,7.98
2012-05-03,105.82,9.12,7.99
2012-05-04,104.11,8.96,8.04
2012-05-07,104.16,8.94,8.04
2012-05-08,103.72,8.82,8.08
2012-05-09,103.05,8.69,8.08
2012-05-10,103.35,8.75,8.06
2012-05-11,103.0,8.71,8.12
2012-05-14,101.87,8.54,8.21
2012-05-15,101.3,8.42,8.24
2012-05-16,100.89,8.3,8.26
2012-05-17,99.38,8.24,8.39
2012-05-18,98.65,8.16,8.39
2012-05-21,100.23,8.27,8.37
2012-05-22,100.28,8.27,8.28
2012-05-23,100.46,8.18,8.34
2012-05-24,100.61,8.14,8.32
2012-05-25,100.4,8.1,8.33
2012-05-29,101.52,8.23,8.32
2012-05-30,100.09,8.05,8.5
2012-05-31,99.88,8.09,8.6
2012-06-01,97.42,7.88,8.78
2012-06-04,97.43,7.86,8.72
2012-06-05,97.99,7.89,8.62
2012-06-06,100.27,8.12,8.46
2012-06-07,100.27,8.16,8.48
2012-06-08,101.09,8.12,8.47
2012-06-11,99.81,8.03,8.51
2012-06-12,100.98,8.09,8.43
2012-06-13,100.31,8.0,8.51
2012-06-14,101.39,8.05,8.5
2012-06-15,102.44,8.19,8.54
2012-06-18,102.59,8.19,8.58
2012-06-19,103.6,8.31,8.48
2012-06-20,103.43,8.37,8.5
2012-06-21,101.14,8.19,8.55
2012-06-22,101.87,8.21,8.45
2012-06-25,100.25,8.07,8.55
2012-06-26,100.73,8.09,8.52
2012-06-27,101.66,8.13,8.53
2012-06-28,101.45,8.12,8.55
2012-06-29,103.99,8.4,8.47
2012-07-02,104.24,8.45,8.55
2012-07-03,104.91,8.52,8.5
2012-07-05,104.42,8.42,8.53
2012-07-06,103.47,8.33,8.6
2012-07-09,103.31,8.27,8.66
2012-07-10,102.47,8.25,8.68
2012-07-11,102.48,8.24,8.69
2012-07-12,101.96,8.14,8.74
2012-07-13,103.65,8.26,8.71
2012-07-16,103.41,8.26,8.75
2012-07-17,104.18,8.31,8.69
2012-07-18,104.89,8.34,8.7
2012-07-19,105.18,8.44,8.68
2012-07-20,104.13,8.29,8.76
2012-07-23,103.2,8.1,8.81
2012-07-24,102.26,8.05,8.86
2012-07-25,102.24,8.09,8.88
2012-07-26,103.93,8.27,8.81
2012-07-27,105.92,8.37,8.66
2012-07-30,105.87,8.4,8.71
2012-07-31,105.41,8.38,8.75
2012-08-01,105.12,8.33,8.71
2012-08-02,104.34,8.24,8.76
2012-08-03,106.35,8.41,8.63
2012-08-06,106.59,8.5,8.63
2012-08-07,107.13,8.55,8.53
2012-08-08,107.23,8.56,8.5
2012-08-09,107.32,8.56,8.49
2012-08-10,107.56,8.58,8.52
2012-08-13,107.45,8.56,8.51
2012-08-14,107.46,8.57,8.41
2012-08-15,107.61,8.57,8.31
2012-08-16,108.38,8.63,8.25
2012-08-17,108.59,8.68,8.28
2012-08-20,108.58,8.67,8.29
2012-08-21,108.21,8.72,8.31
2012-08-22,108.24,8.73,8.44
2012-08-23,107.37,8.67,8.48
2012-08-24,108.08,8.64,8.47
2012-08-27,108.02,8.64,8.51
2012-08-28,107.94,8.62,8.53
2012-08-29,108.05,8.64,8.5
2012-08-30,107.22,8.56,8.53
2012-08-31,107.77,8.62,8.65
2012-09-04,107.65,8.59,8.65
2012-09-05,107.56,8.57,8.62
2012-09-06,109.78,8.71,8.49
2012-09-07,110.22,8.85,8.46
2012-09-10,109.55,8.81,8.47
2012-09-11,109.89,8.89,8.43
2012-09-12,110.16,8.95,8.33
2012-09-13,111.96,9.07,8.31
2012-09-14,112.41,9.17,8.11
2012-09-17,112.06,9.14,8.18
2012-09-18,111.92,9.08,8.22
2012-09-19,112.05,9.1,8.26
2012-09-20,112.01,9.06,8.28
2012-09-21,112.0,9.08,8.3
2012-09-24,111.75,9.06,8.35
2012-09-25,110.59,9.01,8.42
2012-09-26,109.97,8.93,8.5
2012-09-27,111.05,9.02,8.46
2012-09-28,110.55,8.94,8.48
2012-10-01,110.84,8.97,8.5
2012-10-02,110.95,9.0,8.5
2012-10-03,111.37,8.96,8.5
2012-10-04,112.17,9.07,8.4
2012-10-05,112.17,9.1,8.31
2012-10-08,111.79,9.06,8.35
2012-10-09,110.68,8.97,8.35
2012-10-10,110.01,8.92,8.4
2012-10-11,110.05,8.96,8.45
2012-10-12,109.72,8.97,8.47
2012-10-15,110.61,9.01,8.45
2012-10-16,111.74,9.1,8.35
2012-10-17,112.21,9.18,8.27
2012-10-18,111.95,9.16,8.23
2012-10-19,110.09,9.06,8.32
2012-10-22,110.14,9.1,8.28
2012-10-23,108.55,8.96,8.37
2012-10-24,108.22,8.96,8.31
2012-10-25,108.54,9.03,8.27
2012-10-26,108.46,9.03,8.37
2012-10-31,108.49,9.05,8.44
2012-11-01,109.68,9.1,8.4
2012-11-02,108.65,9.02,8.39
2012-11-05,108.9,9.02,8.43
2012-11-06,109.76,9.06,8.36
2012-11-07,107.25,8.96,8.5
2012-11-08,105.95,8.91,8.61
2012-11-09,106.13,8.87,8.61
2012-11-12,106.14,8.85,8.61
2012-11-13,105.75,8.81,8.65
2012-11-14,104.32,8.75,8.66
2012-11-15,104.16,8.75,8.64
2012-11-16,104.68,8.73,8.64
2012-11-19,106.76,8.86,8.59
2012-11-20,106.84,8.87,8.51
2012-11-21,107.09,8.87,8.5
2012-11-23,108.5,9.04,8.49
2012-11-26,108.28,9.02,8.53
2012-11-27,107.73,9.01,8.55
2012-11-28,108.6,9.04,8.55
2012-11-29,109.08,9.11,8.55
2012-11-30,109.1,9.1,8.56
2012-12-03,108.59,9.1,8.56
2012-12-04,108.41,9.14,8.6
2012-12-05,108.62,9.18,8.59
2012-12-06,109.0,9.2,8.61
2012-12-07,109.32,9.19,8.54
2012-12-10,109.37,9.16,8.57
2012-12-11,110.08,9.22,8.52
2012-12-12,110.16,9.27,8.43
2012-12-13,109.49,9.22,8.42
2012-12-14,109.04,9.25,8.47
2012-12-17,110.33,9.29,8.37
2012-12-18,111.6,9.36,8.29
2012-12-19,110.76,9.4,8.32
2012-12-20,111.39,9.47,8.32
2012-12-21,110.34,9.37,8.39
2012-12-24,110.09,9.37,8.38
2012-12-26,109.56,9.39,8.4
2012-12-27,109.45,9.4,8.43
2012-12-28,108.25,9.36,8.47
2012-12-31,110.08,9.43,8.39
2013-01-02,112.9,9.59,8.26
2013-01-03,112.67,9.5,8.16
2013-01-04,113.21,9.54,8.18
2013-01-07,112.86,9.56,8.19
2013-01-08,112.53,9.52,8.23
2013-01-09,112.83,9.57,8.23
2013-01-10,113.69,9.7,8.21
2013-01-11,113.69,9.72,8.26
2013-01-14,113.59,9.73,8.25
2013-01-15,113.71,9.72,8.28
2013-01-16,113.75,9.69,8.3
2013-01-17,114.39,9.77,8.23
2013-01-18,114.78,9.79,8.27
2013-01-22,115.3,9.79,8.28
2013-01-23,115.46,9.78,8.28
2013-01-24,115.47,9.8,8.25
2013-01-25,116.1,9.88,8.15
2013-01-28,115.89,9.84,8.12
2013-01-29,116.49,9.89,8.08
2013-01-30,116.06,9.9,8.07
2013-01-31,115.77,9.9,8.11
2013-02-01,116.94,9.97,8.02
2013-02-04,115.59,9.85,8.11
2013-02-05,116.81,9.88,8.05
2013-02-06,116.88,9.9,8.11
2013-02-07,116.72,9.88,8.09
2013-02-08,117.38,9.95,8.11
2013-02-11,117.32,9.91,8.11
2013-02-12,117.51,9.98,8.09
2013-02-13,117.63,9.99,8.03
2013-02-14,117.73,9.93,8.09
2013-02-15,117.61,9.91,8.07
2013-02-19,118.49,10.04,8.04
2013-02-20,117.02,9.94,8.05
2013-02-21,116.31,9.86,8.1
2013-02-22,117.35,9.95,8.11
2013-02-25,115.2,9.82,8.25
2013-02-26,115.92,9.85,8.21
2013-02-27,117.43,9.95,8.18
2013-02-28,117.32,9.92,8.21
2013-03-01,117.6,9.91,8.25
2013-03-04,118.15,9.91,8.21
2013-03-05,119.28,10.04,8.19
2013-03-06,119.44,10.04,8.12
2013-03-07,119.67,10.06,8.07
2013-03-08,120.22,10.06,7.99
2013-03-11,120.61,10.09,7.99
2013-03-12,120.32,10.07,8.04
2013-03-13,120.53,10.04,8.03
2013-03-14,121.2,10.13,8.01
2013-03-15,121.0,10.18,8.05
2013-03-18,120.34,10.09,8.1
2013-03-19,120.05,10.07,8.15
2013-03-20,120.85,10.09,8.07
2013-03-21,119.85,10.05,8.14
2013-03-22,120.71,10.08,8.14
2013-03-25,120.3,10.01,8.14
2013-03-26,121.28,10.04,8.14
2013-03-27,121.22,10.0,8.21
2013-03-28,121.71,10.07,8.22
2013-04-01,121.17,9.98,8.24
2013-04-02,121.79,10.0,8.22
2013-04-03,120.53,9.98,8.28
2013-04-04,121.02,9.97,8.37
2013-04-05,120.5,9.9,8.51
2013-04-08,121.3,9.9,8.46
2013-04-09,121.73,9.98,8.44
2013-04-10,123.23,10.07,8.33
2013-04-11,123.67,10.15,8.35
2013-04-12,123.32,10.16,8.46
2013-04-15,120.49,9.92,8.52
2013-04-16,122.21,10.03,8.46
2013-04-17,120.46,9.88,8.51
2013-04-18,119.66,9.84,8.52
2013-04-19,120.72,9.91,8.51
2013-04-22,121.29,9.96,8.51
2013-04-23,122.55,10.06,8.49
2013-04-24,122.57,10.15,8.5
2013-04-25,123.06,10.24,8.48
2013-04-26,122.84,10.25,8.54
2013-04-29,123.73,10.35,8.51
2013-04-30,124.03,10.42,8.54
2013-05-01,122.88,10.39,8.61
2013-05-02,124.05,10.36,8.61
2013-05-03,125.37,10.45,8.42
2013-05-06,125.6,10.45,8.4
2013-05-07,126.27,10.5,8.37
2013-05-08,126.85,10.61,8.38
2013-05-09,126.44,10.5,8.36
2013-05-10,126.98,10.55,8.28
2013-05-13,127.0,10.56,8.22
2013-05-14,128.31,10.61,8.14
2013-05-15,129.01,10.61,8.18
2013-05-16,128.37,10.57,8.26
2013-05-17,129.69,10.61,8.16
2013-05-20,129.6,10.68,8.16
2013-05-21,129.83,10.69,8.21
2013-05-22,128.78,10.59,8.1
2013-05-23,128.41,10.45,8.13
2013-05-24,128.36,10.44,8.15
2013-05-28,129.15,10.46,7.94
2013-05-29,128.27,10.47,8.02
2013-05-30,128.76,10.49,8.01
2013-05-31,126.92,10.37,8.0
2013-06-03,127.68,10.43,8.04
2013-06-04,126.98,10.43,7.97
2013-06-05,125.27,10.31,8.07
2013-06-06,126.34,10.34,8.06
2013-06-07,127.97,10.36,7.94
2013-06-10,127.93,10.41,7.9
2013-06-11,126.63,10.34,7.98
2013-06-12,125.59,10.31,7.87
2013-06-13,127.47,10.37,7.98
2013-06-14,126.72,10.35,7.97
2013-06-17,127.68,10.49,7.93
2013-06-18,128.68,10.52,7.94
2013-06-19,126.9,10.36,7.85
2013-06-20,123.74,10.1,7.73
2013-06-21,124.07,10.11,7.61
2013-06-24,122.57,9.92,7.62
2013-06-25,123.74,9.98,7.57
2013-06-26,124.95,10.02,7.61
2013-06-27,125.74,10.16,7.68
2013-06-28,125.2,10.15,7.74
2013-07-01,125.89,10.24,7.76
2013-07-02,125.85,10.21,7.76
2013-07-03,125.95,10.2,7.74
2013-07-05,127.23,10.19,7.49
2013-07-08,127.94,10.24,7.55
2013-07-09,128.87,10.3,7.56
2013-07-10,128.9,10.32,7.51
2013-07-11,130.66,10.56,7.59
2013-07-12,131.06,10.54,7.59
2013-07-15,131.24,10.59,7.62
2013-07-16,130.75,10.61,7.64
2013-07-17,131.12,10.63,7.66
2013-07-18,131.8,10.69,7.57
2013-07-19,132.02,10.72,7.68
2013-07-22,132.28,10.77,7.68
2013-07-23,132.04,10.82,7.66
2013-07-24,131.54,10.79,7.57
2013-07-25,131.88,10.83,7.57
2013-07-26,131.99,10.76,7.6
2013-07-29,131.5,10.66,7.55
2013-07-30,131.55,10.68,7.55
2013-07-31,131.55,10.7,7.59
2013-08-01,133.21,10.76,7.46
2013-08-02,133.43,10.86,7.53
2013-08-05,133.25,10.91,7.49
2013-08-06,132.49,10.9,7.5
2013-08-07,132.03,10.88,7.55
2013-08-08,132.57,10.94,7.57
2013-08-09,132.12,10.96,7.58
2013-08-12,131.97,10.95,7.53
2013-08-13,132.37,10.99,7.44
2013-08-14,131.71,10.97,7.44
2013-08-15,129.85,10.93,7.36
2013-08-16,129.42,10.93,7.32
2013-08-19,128.67,10.92,7.27
2013-08-20,129.16,10.87,7.32
2013-08-21,128.42,10.79,7.25
2013-08-22,129.52,10.88,7.31
2013-08-23,130.06,10.97,7.38
2013-08-26,129.53,10.91,7.41
2013-08-27,127.48,10.77,7.5
2013-08-28,127.85,10.69,7.44
2013-08-29,128.12,10.72,7.48
2013-08-30,127.72,10.63,7.5
2013-09-03,128.26,10.79,7.4
2013-09-04,129.33,10.84,7.38
2013-09-05,129.49,10.83,7.29
2013-09-06,129.52,10.91,7.32
2013-09-09,130.81,11.06,7.33
2013-09-10,131.77,11.18,7.28
2013-09-11,132.2,11.22,7.33
2013-09-12,131.78,11.17,7.33
2013-09-13,132.15,11.22,7.35
2013-09-16,132.89,11.31,7.31
2013-09-17,133.46,11.31,7.36
2013-09-18,135.08,11.52,7.45
2013-09-19,134.85,11.45,7.41
2013-09-20,133.87,11.38,7.44
2013-09-23,133.24,11.39,7.49
2013-09-24,132.91,11.4,7.56
2013-09-25,132.55,11.42,7.58
2013-09-26,133.04,11.42,7.54
2013-09-27,132.5,11.43,7.55
2013-09-30,131.71,11.41,7.56
2013-10-01,132.77,11.48,7.54
2013-10-02,132.7,11.49,7.55
2013-10-03,131.51,11.45,7.54
2013-10-04,132.45,11.43,7.53
2013-10-07,131.32,11.36,7.55
2013-10-08,129.74,11.33,7.55
2013-10-09,129.82,11.36,7.5
2013-10-10,132.67,11.49,7.51
2013-10-11,133.51,11.56,7.51
2013-10-14,134.05,11.58,7.46
2013-10-15,133.11,11.59,7.45
2013-10-16,134.96,11.66,7.53
2013-10-17,135.88,11.78,7.59
2013-10-18,136.77,11.84,7.61
2013-10-21,136.78,11.88,7.58
2013-10-22,137.57,11.95,7.66
2013-10-23,136.91,11.88,7.69
2013-10-24,137.36,11.92,7.66
2013-10-25,137.97,11.9,7.69
2013-10-28,138.15,11.85,7.66
2013-10-29,138.93,11.88,7.67
2013-10-30,138.27,11.9,7.63
2013-10-31,137.75,11.86,7.66
2013-11-01,138.14,11.78,7.58
2013-11-04,138.64,11.81,7.59
2013-11-05,138.26,11.75,7.5
2013-11-06,138.93,11.86,7.51
2013-11-07,137.13,11.76,7.56
2013-11-08,138.97,11.74,7.4
2013-11-11,139.06,11.74,7.4
2013-11-12,138.75,11.72,7.4
2013-11-13,139.9,11.73,7.42
2013-11-14,140.61,11.79,7.47
2013-11-15,141.2,11.86,7.48
2013-11-18,140.69,11.87,7.52
2013-11-19,140.42,11.86,7.46
2013-11-20,139.92,11.79,7.35
2013-11-21,141.07,11.81,7.36
2013-11-22,141.78,11.86,7.42
2013-11-25,141.6,11.84,7.44
2013-11-26,141.65,11.9,7.46
2013-11-27,142.03,11.94,7.45
2013-11-29,141.92,11.96,7.47
2013-12-02,141.54,11.91,7.41
2013-12-03,141.09,11.81,7.43
2013-12-04,140.95,11.78,7.37
2013-12-05,140.34,11.77,7.35
2013-12-06,141.93,11.86,7.37
2013-12-09,142.19,11.88,7.39
2013-12-10,141.74,11.9,7.44
2013-12-11,140.15,11.83,7.38
2013-12-12,139.66,11.76,7.37
2013-12-13,139.64,11.74,7.39
2013-12-16,140.53,11.8,7.37
2013-12-17,140.09,11.79,7.4
2013-12-18,142.43,11.9,7.36
2013-12-19,142.36,11.91,7.35
2013-12-20,143.06,11.98,7.45
2013-12-23,143.83,12.03,7.41
2013-12-24,144.27,12.01,7.35
2013-12-26,144.95,12.08,7.33
2013-12-27,144.93,12.17,7.31
2013-12-30,144.91,12.27,7.35
2013-12-31,145.49,12.29,7.29
2014-01-02,144.23,12.19,7.35
2014-01-03,144.17,12.22,7.35
2014-01-06,143.82,12.25,7.37
2014-01-07,144.69,12.29,7.39
2014-01-08,144.7,12.28,7.37
2014-01-09,144.76,12.28,7.41
2014-01-10,145.09,12.42,7.49
2014-01-13,143.28,12.39,7.53
2014-01-14,144.82,12.42,7.49
2014-01-15,145.58,12.45,7.48
2014-01-16,145.38,12.42,7.53
2014-01-17,144.82,12.41,7.55
2014-01-21,145.23,12.45,7.55
2014-01-22,145.32,12.45,7.54
2014-01-23,144.03,12.41,7.63
2014-01-24,141.02,12.15,7.68
2014-01-27,140.34,12.02,7.63
2014-01-28,141.2,12.14,7.65
2014-01-29,139.78,12.11,7.7
2014-01-30,141.36,12.09,7.69
2014-01-31,140.44,12.01,7.75
2014-02-03,137.23,11.85,7.84
2014-02-04,138.29,11.83,7.76
2014-02-05,138.05,11.87,7.7
2014-02-06,139.84,12.04,7.67
2014-02-07,141.7,12.16,7.67
2014-02-10,141.92,12.16,7.69
2014-02-11,143.49,12.27,7.65
2014-02-12,143.53,12.33,7.61
2014-02-13,144.37,12.35,7.65
2014-02-14,145.08,12.42,7.65
2014-02-18,145.27,12.51,7.67
2014-02-19,144.33,12.47,7.64
2014-02-20,145.23,12.49,7.62
2014-02-21,144.97,12.53,7.66
2014-02-24,145.87,12.6,7.64
2014-02-25,145.67,12.63,7.7
2014-02-26,145.7,12.58,7.74
2014-02-27,146.44,12.61,7.77
2014-02-28,146.85,12.73,7.8
2014-03-03,145.77,12.48,7.84
2014-03-04,147.99,12.7,7.74
2014-03-05,148.02,12.7,7.74
2014-03-06,148.3,12.85,7.68
2014-03-07,148.39,12.82,7.63
2014-03-10,148.33,12.75,7.63
2014-03-11,147.57,12.73,7.66
2014-03-12,147.66,12.67,7.7
2014-03-13,145.95,12.51,7.8
2014-03-14,145.54,12.46,7.8
2014-03-17,146.93,12.58,7.74
2014-03-18,148.0,12.69,7.77
2014-03-19,147.1,12.57,7.71
2014-03-20,147.98,12.49,7.7
2014-03-21,147.55,12.47,7.77
2014-03-24,146.83,12.52,7.82
2014-03-25,147.49,12.59,7.79
2014-03-26,146.46,12.59,7.84
2014-03-27,146.2,12.63,7.88
2014-03-28,146.89,12.7,7.84
2014-03-31,148.06,12.82,7.84
2014-04-01,149.11,12.92,7.78
2014-04-02,149.56,12.93,7.74
2014-04-03,149.39,12.88,7.76
2014-04-04,147.52,12.87,7.81
2014-04-07,145.94,12.82,7.86
2014-04-08,146.53,12.73,7.87
2014-04-09,148.14,12.87,7.84
2014-04-10,145.05,12.71,7.91
2014-04-11,143.69,12.59,7.96
2014-04-14,144.87,12.51,7.94
2014-04-15,145.84,12.45,7.98
2014-04-16,147.38,12.59,7.99
2014-04-17,147.58,12.65,7.91
2014-04-21,148.14,12.65,7.9
2014-04-22,148.75,12.74,7.92
2014-04-23,148.44,12.71,7.96
2014-04-24,148.69,12.72,7.97
2014-04-25,147.49,12.67,7.99
2014-04-28,147.98,12.67,7.95
2014-04-29,148.68,12.72,7.94
2014-04-30,149.13,12.75,7.99
2014-05-01,149.12,12.79,8.06
2014-05-02,148.91,12.83,8.11
2014-05-05,149.21,12.81,8.06
2014-05-06,147.87,12.82,8.1
2014-05-07,148.76,12.79,8.07
2014-05-08,148.6,12.77,8.04
2014-05-09,148.84,12.75,8.02
2014-05-12,150.29,12.83,7.99
2014-05-13,150.39,12.84,8.05
2014-05-14,149.71,12.79,8.12
2014-05-15,148.33,12.73,8.18
2014-05-16,148.89,12.66,8.16
2014-05-19,149.47,12.63,8.11
2014-05-20,148.5,12.57,8.12
2014-05-21,149.73,12.68,8.08
2014-05-22,150.11,12.7,8.07
2014-05-23,150.74,12.75,8.1
2014-05-27,151.64,12.87,8.14
2014-05-28,151.5,12.88,8.24
2014-05-29,152.33,12.93,8.2
2014-05-30,152.61,12.99,8.21
2014-06-02,152.74,13.02,8.15
2014-06-03,152.69,13.01,8.06
2014-06-04,153.0,13.03,8.06
2014-06-05,154.01,13.11,8.06
2014-06-06,154.75,13.21,8.06
2014-06-09,154.89,13.18,8.05
2014-06-10,154.86,13.15,8.02
2014-06-11,154.33,13.09,8.03
2014-06-12,153.27,13.11,8.1
2014-06-13,153.75,13.07,8.09
2014-06-16,153.88,13.01,8.1
2014-06-17,154.21,12.99,8.05
2014-06-18,155.41,13.09,8.1
2014-06-19,155.63,13.12,8.02
2014-06-20,155.9,13.11,8.06
2014-06-23,155.88,13.06,8.04
2014-06-24,154.89,12.98,8.11
2014-06-25,155.65,12.98,8.13
2014-06-26,155.49,13.05,8.17
2014-06-27,155.79,13.07,8.15
2014-06-30,155.74,13.13,8.19
2014-07-01,156.81,13.24,8.13
2014-07-02,156.92,13.25,8.05
2014-07-03,157.78,13.27,8.02
2014-07-07,157.16,13.22,8.08
2014-07-08,156.1,13.11,8.16
2014-07-09,156.84,13.1,8.16
2014-07-10,156.19,12.98,8.17
2014-07-11,156.43,13.01,8.21
2014-07-14,157.19,13.1,8.17
2014-07-15,156.89,13.06,8.16
2014-07-16,157.57,13.13,8.2
2014-07-17,155.72,13.07,8.3
2014-07-18,157.31,13.09,8.27
2014-07-21,156.95,13.05,8.3
2014-07-22,157.74,13.11,8.32
2014-07-23,158.02,13.13,8.31
2014-07-24,158.09,13.13,8.25
2014-07-25,157.33,13.1,8.33
2014-07-28,157.37,13.07,8.32
2014-07-29,156.66,13.04,8.35
2014-07-30,156.7,13.03,8.24
2014-07-31,153.58,12.86,8.24
2014-08-01,153.14,12.8,8.3
2014-08-04,154.24,12.82,8.28
2014-08-05,152.75,12.72,8.3
2014-08-06,152.81,12.65,8.3
2014-08-07,152.0,12.59,8.37
2014-08-08,153.74,12.6,8.36
2014-08-11,154.2,12.71,8.36
2014-08-12,153.95,12.72,8.31
2014-08-13,155.03,12.76,8.36
2014-08-14,155.71,12.83,8.42
2014-08-15,155.72,12.85,8.49
2014-08-18,157.05,12.91,8.42
2014-08-19,157.87,12.95,8.4
2014-08-20,158.27,12.9,8.38
2014-08-21,158.74,12.95,8.43
2014-08-22,158.45,12.91,8.46
2014-08-25,159.2,12.93,8.49
2014-08-26,159.37,12.95,8.47
2014-08-27,159.41,13.03,8.53
2014-08-28,159.16,12.98,8.57
2014-08-29,159.7,12.94,8.59
2014-09-02,159.62,12.94,8.45
2014-09-03,159.52,12.99,8.5
2014-09-04,159.28,12.88,8.41
2014-09-05,160.08,12.89,8.39
2014-09-08,159.62,12.78,8.39
2014-09-09,158.58,12.79,8.38
2014-09-10,159.17,12.77,8.33
2014-09-11,159.35,12.69,8.3
2014-09-12,158.4,12.71,8.22
2014-09-15,158.29,12.69,8.24
2014-09-16,159.48,12.66,8.2
2014-09-17,159.69,12.58,8.18
2014-09-18,160.5,12.67,8.2
2014-09-19,160.42,12.68,8.29
2014-09-22,159.13,12.64,8.3
2014-09-23,158.23,12.54,8.35
2014-09-24,159.46,12.55,8.31
2014-09-25,156.89,12.43,8.4
2014-09-26,158.26,12.45,8.39
2014-09-29,157.87,12.41,8.45
2014-09-30,157.44,12.37,8.42
2014-10-01,155.36,12.26,8.57
2014-10-02,155.38,12.15,8.51
2014-10-03,157.11,12.14,8.53
2014-10-06,156.87,12.2,8.54
2014-10-07,154.5,12.03,8.65
2014-10-08,157.25,12.09,8.65
2014-10-09,154.01,11.81,8.62
2014-10-10,152.26,11.61,8.69
2014-10-13,149.75,11.53,8.74
2014-10-14,149.99,11.54,8.79
2014-10-15,148.78,11.53,8.85
2014-10-16,148.81,11.44,8.81
2014-10-17,150.73,11.61,8.76
2014-10-20,152.11,11.73,8.78
2014-10-21,155.09,11.85,8.72
2014-10-22,153.97,11.85,8.73
2014-10-23,155.86,11.93,8.65
2014-10-24,156.96,11.97,8.66
2014-10-27,156.73,11.91,8.67
2014-10-28,158.6,12.01,8.63
2014-10-29,158.39,11.99,8.64
2014-10-30,159.39,12.01,8.65
2014-10-31,161.25,12.18,8.64
2014-11-03,161.24,12.13,8.65
2014-11-04,160.78,12.05,8.66
2014-11-05,161.76,12.03,8.65
2014-11-06,162.41,11.93,8.6
2014-11-07,162.5,11.92,8.69
2014-11-10,163.02,11.99,8.61
2014-11-11,163.13,12.01,8.61
2014-11-12,163.06,11.92,8.61
2014-11-13,163.16,11.93,8.63
2014-11-14,163.22,11.93,8.67
2014-11-17,163.35,11.87,8.65
2014-11-18,164.21,12.0,8.67
2014-11-19,163.98,11.97,8.62
2014-11-20,164.31,11.95,8.65
2014-11-21,165.19,11.99,8.71
2014-11-24,165.67,12.05,8.71
2014-11-25,165.49,12.09,8.78
2014-11-26,166.0,12.11,8.8
2014-11-28,165.58,12.01,8.89
2014-12-01,164.46,12.0,8.84
2014-12-02,165.52,12.04,8.75
2014-12-03,166.19,12.05,8.78
2014-12-04,166.0,12.06,8.85
2014-12-05,166.27,12.09,8.8
2014-12-08,165.09,12.02,8.89
2014-12-09,165.04,11.96,8.94
2014-12-10,162.35,11.9,9.0
2014-12-11,163.13,11.87,9.03
2014-12-12,160.49,11.76,9.14
2014-12-15,159.48,11.62,9.13
2014-12-16,158.13,11.67,9.22
2014-12-17,161.37,11.71,9.15
2014-12-18,165.27,11.9,9.02
2014-12-19,166.03,11.89,9.11
2014-12-22,166.67,11.95,9.12
2014-12-23,166.98,11.93,8.95
2014-12-24,166.96,11.96,9.0
2014-12-26,167.51,11.99,9.02
2014-12-29,167.68,11.98,9.08
2014-12-30,166.88,11.94,9.1
2014-12-31,165.16,11.94,9.14
2015-01-02,165.13,11.92,9.23
2015-01-05,162.12,11.78,9.36
2015-01-06,160.67,11.63,9.51
2015-01-07,162.59,11.67,9.5
2015-01-08,165.5,11.76,9.38
2015-01-09,164.11,11.73,9.47
2015-01-12,162.78,11.7,9.52
2015-01-13,162.38,11.76,9.52
2015-01-14,161.44,11.75,9.58
2015-01-15,159.95,11.76,9.73
2015-01-16,162.1,11.78,9.61
2015-01-20,162.35,11.84,9.73
2015-01-21,163.13,11.89,9.62
2015-01-22,165.63,11.89,9.58
2015-01-23,164.72,11.86,9.7
2015-01-26,165.14,11.99,9.68
2015-01-27,162.93,12.01,9.69
2015-01-28,160.74,11.97,9.83
2015-01-29,162.29,11.99,9.77
2015-01-30,160.19,11.92,9.96
2015-02-02,162.26,12.02,9.92
2015-02-03,164.6,12.15,9.72
2015-02-04,163.97,12.12,9.74
2015-02-05,165.69,12.26,9.65
2015-02-06,165.17,12.13,9.49
2015-02-09,164.47,12.1,9.47
2015-02-10,166.23,12.21,9.4
2015-02-11,166.28,12.18,9.41
2015-02-12,167.93,12.34,9.38
2015-02-13,168.63,12.42,9.29
2015-02-17,168.92,12.45,9.16
2015-02-18,168.87,12.56,9.21
2015-02-19,168.73,12.58,9.16
2015-02-20,169.78,12.66,9.18
2015-02-23,169.73,12.63,9.26
2015-02-24,170.2,12.66,9.38
2015-02-25,170.09,12.72,9.42
2015-02-26,169.87,12.69,9.3
2015-02-27,169.37,12.73,9.39
2015-03-02,170.41,12.73,9.24
2015-03-03,169.64,12.69,9.2
2015-03-04,168.93,12.64,9.21
2015-03-05,169.14,12.71,9.2
2015-03-06,166.76,12.6,9.0
2015-03-09,167.44,12.6,9.08
2015-03-10,164.6,12.41,9.18
2015-03-11,164.32,12.39,9.25
2015-03-12,166.43,12.56,9.24
2015-03-13,165.42,12.48,9.21
2015-03-16,167.66,12.59,9.29
2015-03-17,167.1,12.55,9.36
2015-03-18,169.13,12.78,9.53
2015-03-19,168.32,12.63,9.49
2015-03-20,169.83,12.9,9.53
2015-03-23,169.54,12.97,9.53
2015-03-24,168.51,12.98,9.6
2015-03-25,166.07,12.96,9.53
2015-03-26,165.67,12.83,9.39
2015-03-27,166.09,12.84,9.49
2015-03-30,168.14,12.89,9.46
2015-03-31,166.68,12.81,9.5
2015-04-01,166.04,12.88,9.61
2015-04-02,166.63,13.01,9.52
2015-04-06,167.73,13.13,9.47
2015-04-07,167.39,13.1,9.54
2015-04-08,167.89,13.18,9.53
2015-04-09,168.64,13.15,9.43
2015-04-10,169.52,13.18,9.44
2015-04-13,168.76,13.16,9.45
2015-04-14,169.03,13.26,9.51
2015-04-15,169.9,13.28,9.51
2015-04-16,169.77,13.31,9.46
2015-04-17,167.85,13.13,9.56
2015-04-20,169.4,13.09,9.48
2015-04-21,169.15,13.18,9.44
2015-04-22,170.02,13.19,9.3
2015-04-23,170.44,13.23,9.34
2015-04-24,170.82,13.28,9.4
2015-04-27,170.11,13.36,9.39
2015-04-28,170.6,13.39,9.27
2015-04-29,169.97,13.3,9.17
2015-04-30,168.26,13.25,9.21
2015-05-01,170.1,13.26,9.09
2015-05-04,170.59,13.26,9.01
2015-05-05,168.59,13.17,8.99
2015-05-06,167.9,13.23,8.85
2015-05-07,168.57,13.21,8.96
2015-05-08,170.85,13.4,8.99
2015-05-11,170.01,13.39,8.77
2015-05-12,169.53,13.37,8.79
2015-05-13,169.5,13.51,8.73
2015-05-14,171.34,13.61,8.75
2015-05-15,171.49,13.71,8.92
2015-05-18,172.03,13.68,8.78
2015-05-19,171.95,13.63,8.7
2015-05-20,171.81,13.63,8.72
2015-05-21,172.24,13.66,8.83
2015-05-22,171.85,13.6,8.82
2015-05-26,170.09,13.36,8.97
2015-05-27,171.67,13.43,8.99
2015-05-28,171.48,13.41,8.97
2015-05-29,170.4,13.36,9.01
2015-06-01,170.77,13.36,8.92
2015-06-02,170.6,13.46,8.79
2015-06-03,171.0,13.53,8.67
2015-06-04,169.53,13.42,8.77
2015-06-05,169.28,13.27,8.66
2015-06-08,168.22,13.28,8.65
2015-06-09,168.29,13.19,8.6
2015-06-10,170.32,13.44,8.52
2015-06-11,170.67,13.45,8.68
2015-06-12,169.49,13.36,8.69
2015-06-15,168.71,13.26,8.7
2015-06-16,169.67,13.26,8.76
2015-06-17,170.01,13.28,8.7
2015-06-18,171.71,13.36,8.67
2015-06-19,170.8,13.37,8.77
2015-06-22,171.83,13.54,8.6
2015-06-23,171.96,13.54,8.55
2015-06-24,170.7,13.46,8.61
2015-06-25,170.2,13.44,8.58
2015-06-26,170.17,13.44,8.49
2015-06-29,166.65,13.16,8.7
2015-06-30,167.1,13.21,8.67
2015-07-01,168.31,13.32,8.56
2015-07-02,168.25,13.32,8.59
2015-07-06,167.6,13.09,8.73
2015-07-07,168.62,13.0,8.81
2015-07-08,165.87,12.77,8.88
2015-07-09,166.24,12.89,8.71
2015-07-10,168.29,13.13,8.58
2015-07-13,170.17,13.23,8.55
2015-07-14,170.92,13.3,8.58
2015-07-15,170.8,13.33,8.66
2015-07-16,172.17,13.45,8.72
2015-07-17,172.36,13.44,8.75
2015-07-20,172.49,13.46,8.72
2015-07-21,171.76,13.46,8.77
2015-07-22,171.37,13.39,8.82
2015-07-23,170.41,13.4,8.92
2015-07-24,168.59,13.29,8.94
2015-07-27,167.61,13.16,8.98
2015-07-28,169.68,13.26,8.92
2015-07-29,170.95,13.31,8.89
2015-07-30,170.97,13.28,8.94
2015-07-31,170.58,13.36,9.04
2015-08-03,170.11,13.36,9.12
2015-08-04,169.73,13.35,9.05
2015-08-05,170.32,13.4,8.99
2015-08-06,169.05,13.36,9.05
2015-08-07,168.57,13.33,9.16
2015-08-10,170.73,13.46,9.06
2015-08-11,169.13,13.31,9.19
2015-08-12,169.33,13.22,9.15
2015-08-13,169.14,13.25,9.11
2015-08-14,169.8,13.28,9.13
2015-08-17,170.71,13.3,9.17
2015-08-18,170.3,13.28,9.1
2015-08-19,168.9,13.22,9.18
2015-08-20,165.34,12.97,9.27
2015-08-21,160.1,12.71,9.3
2015-08-24,153.79,12.25,9.29
2015-08-25,151.72,12.36,9.15
2015-08-26,157.65,12.56,8.98
2015-08-27,161.49,12.71,8.99
2015-08-28,161.62,12.73,9.01
2015-08-31,160.27,12.7,8.97
2015-09-01,155.54,12.42,9.02
2015-09-02,158.41,12.51,8.96
2015-09-03,158.61,12.5,8.99
2015-09-04,156.18,12.32,9.07
2015-09-08,160.12,12.53,8.94
2015-09-09,157.9,12.49,8.98
2015-09-10,158.76,12.59,8.93
2015-09-11,159.51,12.63,8.98
2015-09-14,158.87,12.58,8.99
2015-09-15,160.91,12.6,8.83
2015-09-16,162.31,12.7,8.79
2015-09-17,161.92,12.77,8.9
2015-09-18,159.3,12.57,9.02
2015-09-21,160.02,12.55,8.89
2015-09-22,158.05,12.33,9.0
2015-09-23,157.73,12.31,9.0
2015-09-24,157.21,12.23,9.06
2015-09-25,157.13,12.31,8.99
2015-09-28,153.14,12.19,9.13
2015-09-29,153.34,12.13,9.15
2015-09-30,156.27,12.31,9.14
2015-10-01,156.59,12.36,9.18
2015-10-02,158.85,12.47,9.23
2015-10-05,161.76,12.66,9.12
2015-10-06,161.18,12.75,9.15
2015-10-07,162.53,12.77,9.12
2015-10-08,163.96,12.8,9.05
2015-10-09,164.09,12.84,9.07
2015-10-12,164.3,12.83,9.14
2015-10-13,163.19,12.73,9.14
2015-10-14,162.43,12.76,9.22
2015-10-15,164.85,12.94,9.18
2015-10-16,165.6,12.9,9.17
2015-10-19,165.65,12.94,9.15
2015-10-20,165.41,12.92,9.09
2015-10-21,164.47,12.92,9.18
2015-10-22,167.21,12.92,9.2
2015-10-23,169.06,12.97,9.12
2015-10-26,168.73,12.97,9.17
2015-10-27,168.3,12.89,9.2
2015-10-28,170.31,12.9,9.16
2015-10-29,170.25,12.83,9.02
2015-10-30,169.43,12.87,9.1
2015-11-02,171.44,12.96,9.07
2015-11-03,171.91,12.96,8.99
2015-11-04,171.36,12.89,9.0
2015-11-05,171.2,12.92,8.97
2015-11-06,171.15,12.85,8.85
2015-11-09,169.51,12.79,8.81
2015-11-10,169.81,12.74,8.83
2015-11-11,169.26,12.81,8.79
2015-11-12,166.92,12.72,8.85
2015-11-13,165.05,12.65,8.89
2015-11-16,167.54,12.71,8.88
2015-11-17,167.35,12.73,8.9
2015-11-18,170.08,12.8,8.91
2015-11-19,169.9,12.87,8.97
2015-11-20,170.57,12.89,8.94
2015-11-23,170.36,12.84,8.97
2015-11-24,170.57,12.81,8.97
2015-11-25,170.57,12.84,8.99
2015-11-27,170.7,12.86,8.98
2015-11-30,169.92,12.89,9.03
2015-12-01,171.74,13.04,9.14
2015-12-02,169.9,12.96,9.14
2015-12-03,167.47,13.02,8.9
2015-12-04,170.9,13.06,8.98
2015-12-07,169.71,12.99,9.06
2015-12-08,168.62,12.82,9.06
2015-12-09,167.32,12.79,9.06
2015-12-10,167.72,12.79,9.06
2015-12-11,164.49,12.64,9.19
2015-12-14,165.29,12.65,9.08
2015-12-15,167.04,12.67,9.03
2015-12-16,169.48,12.82,9.01
2015-12-17,166.95,12.78,9.11
2015-12-18,163.97,12.79,9.15
2015-12-21,165.26,12.8,9.14
2015-12-22,166.73,12.85,9.09
2015-12-23,168.82,12.98,9.02
2015-12-24,168.54,12.94,9.06
2015-12-28,168.18,12.94,9.09
2015-12-29,170.0,13.09,8.95
2015-12-30,168.78,13.05,8.94
2015-12-31,167.19,12.96,9.0
2016-01-04,164.68,12.78,9.06
2016-01-05,165.0,12.76,9.02
2016-01-06,162.9,12.58,9.13
2016-01-07,159.04,12.42,9.15
2016-01-08,157.32,12.3,9.18
2016-01-11,157.45,12.25,9.09
2016-01-12,158.68,12.25,9.21
2016-01-13,154.73,12.18,9.3
2016-01-14,157.32,12.12,9.21
2016-01-15,153.92,11.86,9.34
2016-01-19,154.0,11.83,9.32
2016-01-20,152.23,11.53,9.41
2016-01-21,153.02,11.5,9.35
2016-01-22,156.12,11.83,9.32
2016-01-25,153.68,11.82,9.36
2016-01-26,155.86,11.92,9.37
2016-01-27,154.17,11.89,9.37
2016-01-28,155.03,11.92,9.38
2016-01-29,158.87,12.1,9.47
2016-02-01,158.81,12.18,9.44
2016-02-02,155.84,12.03,9.6
2016-02-03,156.67,12.04,9.54
2016-02-04,156.94,12.03,9.57
2016-02-05,154.05,11.87,9.59
2016-02-08,151.88,11.63,9.77
2016-02-09,151.81,11.46,9.79
2016-02-10,151.83,11.47,9.87
2016-02-11,149.99,11.27,9.92
2016-02-12,152.94,11.3,9.77
2016-02-16,155.51,11.51,9.68
2016-02-17,158.09,11.76,9.62
2016-02-18,157.36,11.79,9.73
2016-02-19,157.37,11.78,9.74
2016-02-22,159.65,11.88,9.73
2016-02-23,157.67,11.76,9.76
2016-02-24,158.38,11.73,9.75
2016-02-25,160.21,11.85,9.78
2016-02-26,159.93,11.81,9.69
2016-02-29,158.64,11.81,9.74
2016-03-01,162.43,12.03,9.59
2016-03-02,163.13,12.08,9.63
2016-03-03,163.72,12.16,9.66
2016-03-04,164.26,12.31,9.59
2016-03-07,164.42,12.26,9.58
2016-03-08,162.6,12.15,9.69
2016-03-09,163.44,12.14,9.63
2016-03-10,163.48,12.18,9.59
2016-03-11,166.2,12.39,9.5
2016-03-14,166.01,12.44,9.52
2016-03-15,165.7,12.36,9.53
2016-03-16,166.64,12.5,9.56
2016-03-17,167.74,12.62,9.6
2016-03-18,168.49,12.67,9.62
2016-03-21,168.65,12.63,9.55
2016-03-22,168.52,12.61,9.55
2016-03-23,167.45,12.53,9.65
2016-03-24,167.39,12.47,9.65
2016-03-28,167.48,12.53,9.66
2016-03-29,168.99,12.65,9.75
2016-03-30,169.73,12.77,9.66
2016-03-31,169.4,12.7,9.75
2016-04-01,170.47,12.6,9.77
2016-04-04,169.95,12.6,9.77
2016-04-05,168.23,12.39,9.87
2016-04-06,170.06,12.52,9.8
2016-04-07,168.02,12.41,9.92
2016-04-08,168.5,12.6,9.86
2016-04-11,168.03,12.64,9.85
2016-04-12,169.66,12.7,9.78
2016-04-13,171.38,12.82,9.81
2016-04-14,171.44,12.79,9.77
2016-04-15,171.27,12.77,9.83
2016-04-18,172.39,12.85,9.8
2016-04-19,172.92,12.98,9.77
2016-04-20,173.06,12.93,9.67
2016-04-21,172.16,12.86,9.62
2016-04-22,172.17,12.83,9.6
2016-04-25,171.86,12.82,9.56
2016-04-26,172.18,12.84,9.51
2016-04-27,172.47,12.9,9.6
2016-04-28,170.89,12.83,9.64
2016-04-29,170.03,12.79,9.68
2016-05-02,171.36,12.89,9.59
2016-05-03,169.88,12.73,9.71
2016-05-04,168.91,12.67,9.76
2016-05-05,168.9,12.62,9.82
2016-05-06,169.46,12.65,9.77
2016-05-09,169.58,12.62,9.8
2016-05-10,171.71,12.73,9.8
2016-05-11,170.15,12.67,9.86
2016-05-12,170.14,12.67,9.81
2016-05-13,168.71,12.63,9.89
2016-05-16,170.38,12.69,9.82
2016-05-17,168.83,12.67,9.83
2016-05-18,168.89,12.67,9.69
2016-05-19,168.26,12.62,9.74
2016-05-20,169.3,12.72,9.74
2016-05-23,168.95,12.77,9.75
2016-05-24,171.26,12.88,9.71
2016-05-25,172.46,12.93,9.68
2016-05-26,172.45,12.95,9.73
2016-05-27,173.22,12.94,9.71
2016-05-31,173.06,12.97,9.76
2016-06-01,173.28,12.99,9.79
2016-06-02,173.79,12.98,9.86
2016-06-03,173.29,13.07,9.99
2016-06-06,174.14,13.1,9.91
2016-06-07,174.37,13.19,9.94
2016-06-08,174.98,13.22,9.99
2016-06-09,174.68,13.15,10.05
2016-06-10,173.09,12.85,10.09
2016-06-13,171.73,12.63,10.13
2016-06-14,171.44,12.41,10.13
2016-06-15,171.13,12.5,10.16
2016-06-16,171.7,12.38,10.21
2016-06-17,171.13,12.58,10.15
2016-06-20,172.14,12.88,10.04
2016-06-21,172.62,12.9,10.0
2016-06-22,172.33,12.93,10.01
2016-06-23,174.64,13.18,9.91
2016-06-24,168.36,12.16,10.15
2016-06-27,165.31,11.69,10.4
2016-06-28,168.29,11.99,10.42
2016-06-29,171.18,12.16,10.34
2016-06-30,173.5,12.25,10.39
2016-07-01,173.87,12.35,10.5
2016-07-05,172.68,12.04,10.65
2016-07-06,173.67,11.99,10.67
2016-07-07,173.53,12.02,10.67
2016-07-08,176.18,12.15,10.74
2016-07-11,176.78,12.36,10.65
2016-07-12,178.02,12.51,10.49
2016-07-13,178.06,12.5,10.59
2016-07-14,179.0,12.6,10.45
2016-07-15,178.83,12.51,10.37
2016-07-18,179.27,12.56,10.35
2016-07-19,179.01,12.51,10.41
2016-07-20,179.8,12.67,10.35
2016-07-21,179.15,12.65,10.37
2016-07-22,179.97,12.59,10.38
2016-07-25,179.42,12.65,10.38
2016-07-26,179.48,12.67,10.39
2016-07-27,179.28,12.8,10.51
2016-07-28,179.58,12.82,10.5
2016-07-29,179.88,12.94,10.6
2016-08-01,179.64,12.86,10.5
2016-08-02,178.51,12.83,10.39
2016-08-03,179.11,12.7,10.4
2016-08-04,179.2,12.74,10.47
2016-08-05,180.75,12.83,10.36
2016-08-08,180.59,12.82,10.38
2016-08-09,180.67,12.93,10.47
2016-08-10,180.22,12.99,10.51
2016-08-11,181.09,13.03,10.42
2016-08-12,180.96,13.09,10.5
2016-08-15,181.49,13.13,10.41
2016-08-16,180.52,13.1,10.38
2016-08-17,180.91,13.02,10.44
2016-08-18,181.31,13.11,10.45
2016-08-19,181.07,13.0,10.4
2016-08-22,180.97,13.06,10.48
2016-08-23,181.33,13.12,10.49
2016-08-24,180.39,13.1,10.47
2016-08-25,180.15,13.04,10.43
2016-08-26,179.87,12.97,10.37
2016-08-29,180.83,12.98,10.5
2016-08-30,180.5,12.92,10.46
2016-08-31,180.11,12.92,10.49
2016-09-01,180.1,13.03,10.5
2016-09-02,180.86,13.06,10.42
2016-09-06,181.41,13.23,10.49
2016-09-07,181.43,13.29,10.49
2016-09-08,181.03,13.28,10.37
2016-09-09,176.59,13.08,10.2
2016-09-12,179.2,13.11,10.2
2016-09-13,176.6,12.94,10.1
2016-09-14,176.51,12.98,10.1
2016-09-15,178.33,13.08,10.07
2016-09-16,177.65,12.98,10.14
2016-09-19,177.65,13.05,10.1
2016-09-20,177.71,13.03,10.14
2016-09-21,179.64,13.23,10.22
2016-09-22,180.82,13.34,10.29
2016-09-23,179.78,13.29,10.28
2016-09-26,178.25,13.19,10.34
2016-09-27,179.41,13.24,10.41
2016-09-28,180.39,13.35,10.4
2016-09-29,178.71,13.25,10.41
2016-09-30,180.14,13.29,10.36
2016-10-03,179.57,13.32,10.31
2016-10-04,178.7,13.28,10.2
2016-10-05,179.54,13.32,10.15
2016-10-06,179.63,13.2,10.1
2016-10-07,179.06,13.1,10.1
2016-10-10,179.87,13.09,10.04
2016-10-11,177.64,12.93,10.03
2016-10-12,177.86,12.92,10.03
2016-10-13,177.31,12.91,10.06
2016-10-14,177.35,12.9,9.93
2016-10-17,176.82,12.89,10.0
2016-10-18,177.89,12.99,10.03
2016-10-19,178.31,13.05,10.03
2016-10-20,178.08,13.01,10.04
2016-10-21,178.07,12.96,10.06
2016-10-24,178.91,12.96,10.01
2016-10-25,178.24,12.92,10.03
2016-10-26,177.92,12.91,9.97
2016-10-27,177.4,12.82,9.87
2016-10-28,176.86,12.87,9.84
2016-10-31,176.83,12.86,9.92
2016-11-01,175.64,12.86,9.92
2016-11-02,174.51,12.78,9.96
2016-11-03,173.8,12.83,9.89
2016-11-04,173.52,12.74,9.97
2016-11-07,177.37,12.79,9.89
2016-11-08,178.13,12.77,9.84
2016-11-09,180.12,12.7,9.46
2016-11-10,180.49,12.71,9.32
2016-11-11,180.23,12.58,9.28
2016-11-14,180.23,12.5,9.22
2016-11-15,181.63,12.51,9.25
2016-11-16,181.39,12.48,9.33
2016-11-17,182.25,12.51,9.21
2016-11-18,181.84,12.49,9.17
2016-11-21,183.19,12.51,9.19
2016-11-22,183.6,12.56,9.19
2016-11-23,183.76,12.51,9.16
2016-11-25,184.48,12.54,9.16
2016-11-28,183.54,12.53,9.22
2016-11-29,183.82,12.59,9.25
2016-11-30,183.37,12.54,9.14
2016-12-01,182.74,12.54,9.06
2016-12-02,182.81,12.51,9.11
2016-12-05,183.89,12.57,9.1
2016-12-06,184.52,12.6,9.1
2016-12-07,186.98,12.76,9.16
2016-12-08,187.41,12.73,9.06
2016-12-09,188.51,12.74,8.96
2016-12-12,188.31,12.7,8.97
2016-12-13,189.57,12.78,9.0
2016-12-14,188.04,12.6,8.9
2016-12-15,188.78,12.59,8.93
2016-12-16,188.46,12.6,8.91
2016-12-19,188.84,12.6,9.0
2016-12-20,189.55,12.6,8.96
2016-12-21,189.08,12.61,9.0
2016-12-22,188.75,12.6,8.99
2016-12-23,189.01,12.63,9.0
2016-12-27,189.43,12.65,8.97
2016-12-28,187.88,12.64,9.03
2016-12-29,187.84,12.69,9.05
2016-12-30,186.97,12.74,9.11
2017-01-03,188.56,12.79,9.13
2017-01-04,189.69,12.92,9.16
2017-01-05,189.54,13.06,9.29
2017-01-06,190.27,13.02,9.21
2017-01-09,189.59,13.01,9.29
2017-01-10,189.59,13.04,9.28
2017-01-11,190.14,13.09,9.3
2017-01-12,189.73,13.09,9.29
2017-01-13,190.08,13.15,9.25
2017-01-17,189.51,13.16,9.33
2017-01-18,189.88,13.1,9.22
2017-01-19,189.2,13.1,9.16
2017-01-20,189.84,13.15,9.15
2017-01-23,189.33,13.22,9.23
2017-01-24,190.57,13.28,9.16
2017-01-25,192.1,13.4,9.06
2017-01-26,191.97,13.31,9.08
2017-01-27,191.81,13.29,9.12
2017-01-30,190.66,13.22,9.08
2017-01-31,190.49,13.3,9.17
2017-02-01,190.59,13.38,9.12
2017-02-02,190.72,13.38,9.11
2017-02-03,192.11,13.41,9.1
2017-02-06,191.7,13.33,9.16
2017-02-07,191.76,13.36,9.22
2017-02-08,191.95,13.39,9.33
2017-02-09,193.09,13.39,9.24
2017-02-10,193.8,13.46,9.23
2017-02-13,194.85,13.52,9.2
2017-02-14,195.7,13.55,9.14
2017-02-15,196.7,13.59,9.1
2017-02-16,196.55,13.62,9.14
2017-02-17,196.88,13.55,9.19
2017-02-21,198.07,13.59,9.17
2017-02-22,197.87,13.61,9.19
2017-02-23,197.98,13.59,9.21
2017-02-24,198.31,13.5,9.31
2017-02-27,198.55,13.49,9.26
2017-02-28,198.04,13.54,9.31
2017-03-01,200.78,13.63,9.15
2017-03-02,199.62,13.58,9.13
2017-03-03,199.72,13.62,9.15
2017-03-06,199.07,13.59,9.11
2017-03-07,198.51,13.6,9.08
2017-03-08,198.11,13.59,9.03
2017-03-09,198.27,13.63,8.96
2017-03-10,198.92,13.73,8.98
2017-03-13,199.05,13.78,8.93
2017-03-14,198.38,13.71,8.97
2017-03-15,200.06,13.89,9.08
2017-03-16,199.73,14.0,9.04
2017-03-17,199.47,14.05,9.08
2017-03-20,199.08,14.08,9.12
2017-03-21,196.61,14.03,9.19
2017-03-22,196.99,14.01,9.23
2017-03-23,196.78,14.05,9.22
2017-03-24,196.62,14.08,9.24
2017-03-27,196.42,14.12,9.29
2017-03-28,197.84,14.18,9.22
2017-03-29,198.09,14.13,9.28
2017-03-30,198.68,14.06,9.21
2017-03-31,198.23,14.05,9.26
2017-04-03,197.91,14.08,9.34
2017-04-04,198.05,14.05,9.29
2017-04-05,197.47,14.07,9.32
2017-04-06,197.91,14.03,9.31
2017-04-07,197.75,14.05,9.27
2017-04-10,197.89,14.07,9.31
2017-04-11,197.63,14.1,9.4
2017-04-12,196.89,14.14,9.44
2017-04-13,195.55,14.08,9.47
2017-04-17,197.23,14.17,9.44
2017-04-18,196.66,14.18,9.56
2017-04-19,196.35,14.19,9.51
2017-04-20,197.84,14.28,9.47
2017-04-21,197.24,14.26,9.47
2017-04-24,199.38,14.55,9.42
2017-04-25,200.59,14.69,9.32
2017-04-26,200.5,14.74,9.36
2017-04-27,200.63,14.79,9.36
2017-04-28,200.25,14.8,9.4
2017-05-01,200.59,14.83,9.32
2017-05-02,200.83,15.0,9.36
2017-05-03,200.61,14.93,9.37
2017-05-04,200.74,15.07,9.32
2017-05-05,201.56,15.15,9.33
2017-05-08,201.58,15.11,9.28
2017-05-09,201.39,15.13,9.28
2017-05-10,201.69,15.15,9.26
2017-05-11,201.32,15.1,9.26
2017-05-12,201.03,15.11,9.33
2017-05-15,202.01,15.18,9.31
2017-05-16,201.91,15.29,9.34
2017-05-17,198.3,15.15,9.47
2017-05-18,199.03,15.09,9.48
2017-05-19,200.38,15.32,9.5
2017-05-22,201.42,15.37,9.47
2017-05-23,201.79,15.37,9.41
2017-05-24,202.3,15.43,9.46
2017-05-25,203.23,15.44,9.47
2017-05-26,203.32,15.4,9.47
2017-05-30,203.1,15.39,9.52
2017-05-31,203.04,15.43,9.57
2017-06-01,204.6,15.57,9.57
2017-06-02,205.35,15.71,9.67
2017-06-05,205.11,15.67,9.61
2017-06-06,204.55,15.59,9.66
2017-06-07,204.9,15.64,9.62
2017-06-08,204.95,15.6,9.59
2017-06-09,204.79,15.48,9.57
2017-06-12,204.6,15.37,9.57
2017-06-13,205.58,15.51,9.57
2017-06-14,205.39,15.54,9.71
2017-06-15,204.96,15.38,9.7
2017-06-16,205.03,15.5,9.71
2017-06-19,206.74,15.54,9.69
2017-06-20,205.35,15.47,9.77
2017-06-21,205.25,15.47,9.79
2017-06-22,205.15,15.49,9.81
2017-06-23,205.47,15.52,9.8
2017-06-26,205.54,15.53,9.84
2017-06-27,203.89,15.51,9.74
2017-06-28,205.72,15.55,9.71
2017-06-29,203.95,15.47,9.64
2017-06-30,204.28,15.51,9.63
2017-07-03,204.76,15.43,9.57
2017-07-05,205.1,15.44,9.59
2017-07-06,203.26,15.4,9.52
2017-07-07,204.55,15.4,9.47
2017-07-10,204.74,15.41,9.48
2017-07-11,204.59,15.43,9.49
2017-07-12,206.09,15.54,9.55
2017-07-13,206.49,15.61,9.5
2017-07-14,207.45,15.75,9.51
2017-07-17,207.45,15.77,9.53
2017-07-18,207.57,15.83,9.61
2017-07-19,208.71,15.9,9.62
2017-07-20,208.69,15.97,9.64
2017-07-21,208.61,15.94,9.68
2017-07-24,208.4,15.91,9.64
2017-07-25,209.0,15.91,9.52
2017-07-26,209.06,15.98,9.54
2017-07-27,208.88,15.99,9.49
2017-07-28,208.61,16.0,9.55
2017-07-31,208.45,16.05,9.57
2017-08-01,208.96,16.09,9.63
2017-08-02,209.1,16.1,9.64
2017-08-03,208.69,16.1,9.74
2017-08-04,209.08,16.1,9.65
2017-08-07,209.43,16.15,9.66
2017-08-08,208.95,16.11,9.63
2017-08-09,208.9,16.04,9.68
2017-08-10,205.95,15.89,9.76
2017-08-11,206.22,15.85,9.76
2017-08-14,208.3,15.95,9.71
2017-08-15,208.25,15.89,9.67
2017-08-16,208.6,16.03,9.7
2017-08-17,205.39,15.93,9.77
2017-08-18,205.02,15.94,9.77
2017-08-21,205.25,15.96,9.79
2017-08-22,207.31,15.99,9.75
2017-08-23,206.61,15.98,9.81
2017-08-24,206.19,15.94,9.77
2017-08-25,206.55,16.04,9.81
2017-08-28,206.65,16.04,9.81
2017-08-29,206.86,15.95,9.84
2017-08-30,207.87,15.97,9.83
2017-08-31,209.06,16.11,9.88
2017-09-01,209.5,16.18,9.8
2017-09-05,207.92,16.12,9.95
2017-09-06,208.58,16.21,9.9
2017-09-07,208.58,16.41,9.99
2017-09-08,208.29,16.45,9.97
2017-09-11,210.53,16.53,9.86
2017-09-12,211.25,16.57,9.8
2017-09-13,211.42,16.49,9.77
2017-09-14,211.25,16.56,9.8
2017-09-15,211.66,16.58,9.8
2017-09-18,211.98,16.61,9.76
2017-09-19,212.22,16.68,9.73
2017-09-20,212.35,16.6,9.73
2017-09-21,211.72,16.57,9.72
2017-09-22,211.85,16.58,9.76
2017-09-25,211.38,16.52,9.81
2017-09-26,211.41,16.47,9.8
2017-09-27,212.28,16.49,9.65
2017-09-28,212.57,16.63,9.63
2017-09-29,213.37,16.75,9.66
2017-10-02,214.19,16.76,9.64
2017-10-03,214.66,16.79,9.66
2017-10-04,214.95,16.81,9.66
2017-10-05,216.19,16.77,9.62
2017-10-06,216.03,16.76,9.59
2017-10-09,215.63,16.78,9.61
2017-10-10,216.14,16.91,9.63
2017-10-11,216.53,16.96,9.65
2017-10-12,216.18,16.97,9.69
2017-10-13,216.38,17.03,9.75
2017-10-16,216.76,17.03,9.75
2017-10-17,216.9,16.96,9.75
2017-10-18,217.07,16.96,9.69
2017-10-19,217.16,16.88,9.71
2017-10-20,218.29,16.86,9.61
2017-10-23,217.42,16.86,9.62
2017-10-24,217.78,16.89,9.56
2017-10-25,216.76,16.86,9.52
2017-10-26,217.04,16.83,9.49
2017-10-27,218.79,16.88,9.55
2017-10-30,218.1,16.96,9.63
2017-10-31,218.31,17.06,9.66
2017-11-01,218.66,17.06,9.7
2017-11-02,218.73,17.06,9.74
2017-11-03,219.42,17.08,9.76
2017-11-06,219.73,17.13,9.79
2017-11-07,219.68,17.06,9.83
2017-11-08,220.0,17.04,9.81
2017-11-09,219.23,16.88,9.78
2017-11-10,219.11,16.83,9.64
2017-11-13,219.32,16.68,9.66
2017-11-14,218.85,16.73,9.71
2017-11-15,217.69,16.57,9.82
2017-11-16,219.54,16.74,9.74
2017-11-17,218.97,16.75,9.8
2017-11-20,219.26,16.85,9.8
2017-11-21,220.7,17.01,9.82
2017-11-22,220.55,17.09,9.86
2017-11-24,221.02,17.16,9.82
2017-11-27,220.95,17.09,9.81
2017-11-28,223.14,17.14,9.82
2017-11-29,223.08,17.1,9.73
2017-11-30,224.99,17.13,9.72
2017-12-01,224.54,17.04,9.85
2017-12-04,224.31,17.0,9.85
2017-12-05,223.48,16.99,9.89
2017-12-06,223.46,16.89,9.92
2017-12-07,224.16,16.96,9.85
2017-12-08,225.41,17.05,9.85
2017-12-11,226.14,17.12,9.82
2017-12-12,226.49,17.1,9.82
2017-12-13,226.39,17.19,9.89
2017-12-14,225.51,17.17,9.93
2017-12-15,227.54,17.19,9.96
2017-12-18,228.77,17.38,9.87
2017-12-19,228.03,17.38,9.75
2017-12-20,227.87,17.37,9.65
2017-12-21,228.32,17.43,9.69
2017-12-22,228.22,17.48,9.71
2017-12-26,227.99,17.48,9.73
2017-12-27,228.18,17.59,9.86
2017-12-28,228.64,17.66,9.85
2017-12-29,227.47,17.68,9.89
2018-01-02,229.37,17.84,9.78
2018-01-03,230.83,17.93,9.82
2018-01-04,231.81,18.08,9.82
2018-01-05,233.44,18.16,9.79
2018-01-08,233.83,18.13,9.78
2018-01-09,234.2,18.13,9.65
2018-01-10,233.94,18.11,9.65
2018-01-11,235.61,18.19,9.68
2018-01-12,237.19,18.37,9.69
2018-01-16,236.36,18.39,9.73
2018-01-17,238.58,18.45,9.72
2018-01-18,238.22,18.4,9.62
2018-01-19,239.27,18.52,9.57
2018-01-22,241.2,18.69,9.58
2018-01-23,241.73,18.79,9.62
2018-01-24,241.6,18.82,9.57
2018-01-25,241.75,18.75,9.65
2018-01-26,244.61,18.93,9.6
2018-01-29,242.97,18.76,9.54
2018-01-30,240.35,18.57,9.49
2018-01-31,240.46,18.59,9.56
2018-02-01,240.35,18.71,9.43
2018-02-02,235.27,18.33,9.33
2018-02-05,225.61,17.68,9.43
2018-02-06,229.59,17.73,9.36
2018-02-07,228.44,17.6,9.28
2018-02-08,219.9,17.27,9.27
2018-02-09,223.26,17.32,9.2
2018-02-12,226.36,17.5,9.24
2018-02-13,226.97,17.5,9.28
2018-02-14,230.08,17.79,9.19
2018-02-15,232.91,17.98,9.21
2018-02-16,233.02,18.01,9.26
2018-02-20,231.66,17.99,9.22
2018-02-21,230.4,17.96,9.11
2018-02-22,230.64,17.98,9.14
2018-02-23,234.35,18.13,9.21
2018-02-26,237.13,18.19,9.21
2018-02-27,234.15,17.96,9.2
2018-02-28,231.57,17.84,9.28
2018-03-01,228.53,17.65,9.34
2018-03-02,229.7,17.68,9.26
2018-03-05,232.24,17.71,9.24
2018-03-06,232.86,17.91,9.25
2018-03-07,232.76,17.98,9.24
2018-03-08,233.87,18.05,9.28
2018-03-09,237.93,18.17,9.22
2018-03-12,237.64,18.21,9.28
2018-03-13,236.13,18.14,9.33
2018-03-14,234.84,18.13,9.4
2018-03-15,234.68,18.15,9.4
2018-03-16,235.08,18.07,9.36
2018-03-19,231.74,17.91,9.34
2018-03-20,232.09,17.92,9.3
2018-03-21,231.68,17.98,9.3
2018-03-22,225.86,17.67,9.39
2018-03-23,221.11,17.46,9.38
2018-03-26,227.11,17.73,9.35
2018-03-27,223.18,17.62,9.44
2018-03-28,222.57,17.62,9.46
2018-03-29,225.64,17.79,9.54
2018-04-02,220.6,17.58,9.54
2018-04-03,223.39,17.75,9.47
2018-04-04,225.99,17.73,9.46
2018-04-05,227.58,17.82,9.39
2018-04-06,222.59,17.73,9.49
2018-04-09,223.39,17.79,9.5
2018-04-10,227.13,17.96,9.49
2018-04-11,225.89,17.83,9.52
2018-04-12,227.78,17.92,9.45
2018-04-13,227.13,17.93,9.47
2018-04-16,228.97,18.03,9.47
2018-04-17,231.42,18.08,9.5
2018-04-18,231.61,18.16,9.42
2018-04-19,230.31,18.11,9.34
2018-04-20,228.35,18.03,9.27
2018-04-23,228.36,17.93,9.27
2018-04-24,225.31,17.87,9.23
2018-04-25,225.73,17.8,9.17
2018-04-26,228.09,17.88,9.23
2018-04-27,228.35,17.9,9.3
2018-04-30,226.48,17.83,9.34
2018-05-01,227.06,17.77,9.31
2018-05-02,225.42,17.84,9.29
2018-05-03,224.94,17.93,9.33
2018-05-04,227.86,17.98,9.34
2018-05-07,228.65,17.99,9.33
2018-05-08,228.6,18.02,9.32
2018-05-09,230.83,18.08,9.27
2018-05-10,233.05,18.16,9.33
2018-05-11,233.53,18.22,9.35
2018-05-14,233.74,18.24,9.3
2018-05-15,232.15,18.08,9.2
2018-05-16,233.16,18.07,9.16
2018-05-17,233.02,18.07,9.12
2018-05-18,232.43,17.98,9.2
2018-05-21,234.15,18.06,9.2
2018-05-22,233.42,18.07,9.19
2018-05-23,234.18,17.96,9.25
2018-05-24,233.71,17.93,9.32
2018-05-25,233.19,17.84,9.37
2018-05-29,230.5,17.52,9.57
2018-05-30,233.46,17.68,9.5
2018-05-31,231.91,17.68,9.51
2018-06-01,234.44,17.86,9.46
2018-06-04,235.5,17.97,9.39
2018-06-05,235.68,17.98,9.42
2018-06-06,237.7,18.07,9.34
2018-06-07,237.57,18.05,9.43
2018-06-08,238.32,18.05,9.4
2018-06-11,238.58,18.12,9.38
2018-06-12,239.0,18.09,9.38
2018-06-13,238.04,18.11,9.38
2018-06-14,238.71,18.03,9.45
2018-06-15,238.49,17.89,9.45
2018-06-18,237.99,17.81,9.45
2018-06-19,237.04,17.61,9.5
2018-06-20,237.44,17.6,9.42
2018-06-21,235.95,17.47,9.47
2018-06-22,236.41,17.64,9.47
2018-06-25,233.16,17.42,9.49
2018-06-26,233.67,17.4,9.49
2018-06-27,231.65,17.24,9.58
2018-06-28,233.11,17.18,9.58
2018-06-29,233.3,17.3,9.57
2018-07-02,234.02,17.11,9.56
2018-07-03,232.87,17.08,9.61
2018-07-05,234.93,17.08,9.64
2018-07-06,236.94,17.17,9.66
2018-07-09,239.09,17.32,9.61
2018-07-10,239.93,17.36,9.6
2018-07-11,238.22,17.1,9.64
2018-07-12,240.33,17.19,9.64
2018-07-13,240.59,17.2,9.66
2018-07-16,240.35,17.23,9.62
2018-07-17,241.31,17.24,9.6
2018-07-18,241.83,17.29,9.56
2018-07-19,240.9,17.16,9.62
2018-07-20,240.67,17.23,9.51
2018-07-23,241.12,17.17,9.39
2018-07-24,242.28,17.25,9.43
2018-07-25,244.48,17.35,9.41
2018-07-26,243.75,17.35,9.39
2018-07-27,242.14,17.39,9.41
2018-07-30,240.77,17.38,9.38
2018-07-31,241.96,17.32,9.45
2018-08-01,241.7,17.31,9.38
2018-08-02,242.91,17.15,9.38
2018-08-03,244.08,17.12,9.43
2018-08-06,244.96,17.01,9.43
2018-08-07,245.66,17.07,9.38
2018-08-08,245.59,17.07,9.39
2018-08-09,245.3,17.06,9.47
2018-08-10,243.63,16.8,9.53
2018-08-13,242.65,16.65,9.51
2018-08-14,244.22,16.65,9.49
2018-08-15,242.41,16.44,9.54
2018-08-16,244.4,16.49,9.54
2018-08-17,245.24,16.57,9.55
2018-08-20,245.83,16.64,9.61
2018-08-21,246.35,16.76,9.58
2018-08-22,246.26,16.85,9.62
2018-08-23,245.86,16.78,9.63
2018-08-24,247.38,16.89,9.64
2018-08-27,249.31,17.1,9.59
2018-08-28,249.37,17.1,9.53
2018-08-29,250.81,17.17,9.55
2018-08-30,249.75,17.09,9.56
2018-08-31,249.81,17.01,9.56
2018-09-04,249.41,16.82,9.5
2018-09-05,248.71,16.71,9.48
2018-09-06,247.88,16.61,9.51
2018-09-07,247.35,16.49,9.44
2018-09-10,247.81,16.53,9.46
2018-09-11,248.75,16.53,9.4
2018-09-12,248.84,16.56,9.42
2018-09-13,250.22,16.65,9.43
2018-09-14,250.33,16.71,9.39
2018-09-17,248.94,16.72,9.39
2018-09-18,250.28,16.9,9.29
2018-09-19,250.59,16.96,9.24
2018-09-20,252.57,17.1,9.28
2018-09-21,252.48,17.07,9.27
2018-09-24,251.6,17.0,9.24
2018-09-25,251.28,17.07,9.24
2018-09-26,250.45,17.06,9.3
2018-09-27,251.18,16.88,9.3
2018-09-28,251.19,16.81,9.3
2018-10-01,252.11,16.84,9.23
2018-10-02,252.02,16.72,9.29
2018-10-03,252.19,16.67,9.13
2018-10-04,250.19,16.46,9.06
2018-10-05,248.81,16.26,8.99
2018-10-08,248.71,16.09,8.96
2018-10-09,248.43,15.97,9.05
2018-10-10,240.26,15.59,9.02
2018-10-11,235.32,15.34,9.13
2018-10-12,238.69,15.49,9.09
2018-10-15,237.29,15.35,9.1
2018-10-16,242.39,15.65,9.1
2018-10-17,242.34,15.56,9.05
2018-10-18,238.87,15.34,9.05
2018-10-19,238.79,15.28,9.03
2018-10-22,237.76,15.19,9.01
2018-10-23,236.46,14.91,9.05
2018-10-24,229.17,14.55,9.11
2018-10-25,233.43,14.68,9.07
2018-10-26,229.39,14.5,9.13
2018-10-29,227.88,14.48,9.1
2018-10-30,231.48,14.67,9.06
2018-10-31,233.99,14.84,9.04
2018-11-01,236.46,15.13,9.04
2018-11-02,235.0,15.28,8.94
2018-11-05,236.31,15.18,8.97
2018-11-06,237.82,15.2,8.96
2018-11-07,242.86,15.42,8.97
2018-11-08,242.37,15.26,8.96
2018-11-09,240.19,15.09,9.03
2018-11-12,235.46,14.72,9.09
2018-11-13,235.11,14.75,9.08
2018-11-14,233.39,14.77,9.09
2018-11-15,235.94,14.81,9.09
2018-11-16,236.48,14.75,9.13
2018-11-19,232.55,14.6,9.15
2018-11-20,228.34,14.32,9.16
2018-11-21,229.05,14.45,9.15
2018-11-23,227.57,14.4,9.16
2018-11-26,231.12,14.59,9.14
2018-11-27,231.88,14.58,9.15
2018-11-28,237.22,14.81,9.1
2018-11-29,236.76,14.81,9.14
2018-11-30,238.73,14.78,9.2
2018-12-03,241.35,14.96,9.26
2018-12-04,233.55,14.53,9.4
2018-12-06,233.26,14.26,9.43
2018-12-07,227.86,14.07,9.45
2018-12-10,228.26,13.8,9.48
2018-12-11,228.19,13.77,9.48
2018-12-12,229.43,14.02,9.44
2018-12-13,229.43,14.06,9.42
2018-12-14,225.05,13.83,9.44
2018-12-17,220.38,13.61,9.5
2018-12-18,220.41,13.61,9.55
2018-12-19,217.04,13.55,9.67
2018-12-20,213.63,13.41,9.63
2018-12-21,209.22,13.16,9.63
2018-12-24,203.56,13.08,9.67
2018-12-26,213.66,13.39,9.57
2018-12-27,215.51,13.4,9.57
2018-12-28,215.27,13.51,9.66
2018-12-31,217.13,13.61,9.71
2019-01-02,217.4,13.57,9.76
2019-01-03,212.07,13.38,9.87
2019-01-04,219.36,13.78,9.76
2019-01-07,220.89,13.95,9.73
2019-01-08,223.04,14.08,9.71
2019-01-09,224.02,14.37,9.69
2019-01-10,225.04,14.36,9.62
2019-01-11,225.0,14.28,9.66
2019-01-14,223.84,14.17,9.62
2019-01-15,226.25,14.27,9.59
2019-01-16,226.75,14.31,9.61
2019-01-17,228.5,14.36,9.6
2019-01-18,231.51,14.52,9.55
2019-01-22,228.25,14.39,9.61
2019-01-23,228.74,14.41,9.61
2019-01-24,229.06,14.44,9.66
2019-01-25,231.01,14.64,9.62
2019-01-28,229.2,14.56,9.61
2019-01-29,228.88,14.57,9.66
2019-01-30,232.46,14.72,9.65
2019-01-31,234.5,14.75,9.75
2019-02-01,234.74,14.72,9.7
2019-02-04,236.33,14.79,9.65
2019-02-05,237.45,14.87,9.7
2019-02-06,236.94,14.82,9.7
2019-02-07,234.76,14.6,9.75
2019-02-08,234.99,14.42,9.79
2019-02-11,235.16,14.41,9.76
2019-02-12,238.21,14.64,9.74
2019-02-13,238.94,14.68,9.7
2019-02-14,238.4,14.68,9.75
2019-02-15,241.02,14.8,9.76
2019-02-19,241.38,14.87,9.79
2019-02-20,241.86,14.91,9.76
2019-02-21,241.02,14.87,9.68
2019-02-22,242.57,14.93,9.73
2019-02-25,242.91,15.0,9.7
2019-02-26,242.71,15.11,9.74
2019-02-27,242.62,15.03,9.65
2019-02-28,242.01,15.01,9.63
2019-03-01,243.69,15.14,9.54
2019-03-04,242.74,15.2,9.62
2019-03-05,242.48,15.17,9.63
2019-03-06,240.9,15.13,9.67
2019-03-07,239.0,14.85,9.72
2019-03-08,238.51,14.73,9.77
2019-03-11,242.01,14.85,9.73
2019-03-12,242.73,14.92,9.8
2019-03-13,244.45,15.02,9.78
2019-03-14,244.31,14.99,9.72
2019-03-15,245.54,15.19,9.77
2019-03-18,246.45,15.24,9.77
2019-03-19,246.43,15.23,9.75
2019-03-20,245.71,15.21,9.85
2019-03-21,248.4,15.18,9.86
2019-03-22,243.69,14.95,10.01
2019-03-25,243.51,14.82,10.03
2019-03-26,245.26,14.95,10.02
2019-03-27,244.13,14.92,10.1
2019-03-28,245.03,14.89,10.14
2019-03-29,246.69,15.02,10.15
2019-04-01,249.55,15.21,10.0
2019-04-02,249.56,15.22,10.03
2019-04-03,250.1,15.43,9.94
2019-04-04,250.67,15.42,9.96
2019-04-05,251.84,15.44,9.98
2019-04-08,252.11,15.42,9.95
2019-04-09,250.65,15.34,9.98
2019-04-10,251.54,15.39,10.0
2019-04-11,251.55,15.39,9.94
2019-04-12,253.25,15.52,9.87
2019-04-15,253.09,15.66,9.89
2019-04-16,253.22,15.68,9.83
2019-04-17,252.66,15.71,9.83
2019-04-18,253.07,15.64,9.89
2019-04-22,253.33,15.65,9.83
2019-04-23,255.59,15.67,9.85
2019-04-24,255.02,15.53,9.93
2019-04-25,254.93,15.51,9.91
2019-04-26,256.12,15.58,9.95
2019-04-29,256.41,15.64,9.89
2019-04-30,256.66,15.67,9.96
2019-05-01,254.74,15.59,9.99
2019-05-02,254.21,15.56,9.94
2019-05-03,256.68,15.7,9.97
2019-05-06,255.55,15.48,10.0
2019-05-07,251.34,15.2,10.08
2019-05-08,250.95,15.14,10.03
2019-05-09,250.27,14.93,10.07
2019-05-10,251.29,15.04,10.05
2019-05-13,245.23,14.64,10.14
2019-05-14,247.22,14.76,10.1
2019-05-15,248.71,14.82,10.16
2019-05-16,251.0,14.9,10.13
2019-05-17,249.55,14.82,10.15
2019-05-20,247.87,14.64,10.13
2019-05-21,249.98,14.76,10.11
2019-05-22,249.28,14.74,10.16
2019-05-23,246.33,14.55,10.28
2019-05-24,246.7,14.69,10.28
2019-05-28,244.64,14.65,10.36
2019-05-29,242.95,14.52,10.38
2019-05-30,243.5,14.56,10.47
2019-05-31,240.33,14.45,10.62
2019-06-03,239.67,14.48,10.69
2019-06-04,244.81,14.65,10.57
2019-06-05,246.83,14.71,10.52
2019-06-06,248.42,14.69,10.54
2019-06-07,251.05,14.88,10.63
2019-06-10,252.22,14.93,10.54
2019-06-11,252.13,15.02,10.54
2019-06-12,251.63,14.92,10.55
2019-06-13,252.73,14.92,10.58
2019-06-14,252.36,14.8,10.61
2019-06-17,252.6,14.73,10.62
2019-06-18,255.06,14.88,10.67
2019-06-19,255.81,15.01,10.69
2019-06-20,258.26,15.18,10.72
2019-06-21,257.94,15.12,10.61
2019-06-24,257.5,15.09,10.68
2019-06-25,255.06,15.01,10.72
2019-06-26,254.73,15.03,10.65
2019-06-27,255.75,15.16,10.72
2019-06-28,257.23,15.28,10.73
2019-07-01,259.21,15.36,10.71
2019-07-02,259.98,15.46,10.78
2019-07-03,262.03,15.49,10.85
2019-07-05,261.58,15.38,10.71
2019-07-08,260.32,15.26,10.72
2019-07-09,260.71,15.12,10.72
2019-07-10,261.9,15.19,10.66
2019-07-11,262.5,15.2,10.52
2019-07-12,263.73,15.27,10.54
2019-07-15,263.78,15.27,10.6
2019-07-16,262.88,15.2,10.57
2019-07-17,261.17,15.13,10.67
2019-07-18,262.13,15.16,10.67
2019-07-19,260.52,15.13,10.65
2019-07-22,261.25,15.18,10.66
2019-07-23,263.05,15.27,10.61
2019-07-24,264.29,15.34,10.65
2019-07-25,262.9,15.27,10.6
2019-07-26,264.85,15.28,10.62
2019-07-29,264.42,15.22,10.62
2019-07-30,263.76,15.09,10.65
2019-07-31,260.89,14.95,10.75
2019-08-01,258.57,14.89,10.96
2019-08-02,256.71,14.73,11.06
2019-08-05,249.07,14.36,11.25
2019-08-06,252.34,14.45,11.32
2019-08-07,252.54,14.52,11.34
2019-08-08,257.35,14.67,11.36
2019-08-09,255.68,14.54,11.33
2019-08-12,252.67,14.37,11.56
2019-08-13,256.41,14.39,11.52
2019-08-14,248.97,14.08,11.76
2019-08-15,249.64,14.06,11.9
2019-08-16,253.27,14.19,11.81
2019-08-19,256.35,14.34,11.64
2019-08-20,254.35,14.33,11.76
2019-08-21,256.45,14.45,11.68
2019-08-22,256.33,14.43,11.6
2019-08-23,249.67,14.27,11.78
2019-08-26,252.45,14.33,11.74
2019-08-27,251.64,14.36,11.91
2019-08-28,253.29,14.28,11.93
2019-08-29,256.54,14.39,11.88
2019-08-30,256.74,14.47,11.9
2019-09-03,254.99,14.41,11.91
2019-09-04,257.78,14.56,11.93
2019-09-05,261.19,14.74,11.73
2019-09-06,261.43,14.8,11.8
2019-09-09,261.43,14.84,11.6
2019-09-10,261.52,14.83,11.4
2019-09-11,263.42,14.95,11.38
2019-09-12,264.22,15.03,11.3
2019-09-13,264.1,15.17,11.06
2019-09-16,263.27,15.05,11.19
2019-09-17,263.96,15.12,11.26
2019-09-18,264.05,15.1,11.31
2019-09-19,264.07,15.18,11.34
2019-09-20,262.79,15.11,11.47
2019-09-23,262.76,15.01,11.48
2019-09-24,260.57,14.97,11.61
2019-09-25,262.18,14.86,11.44
2019-09-26,261.56,14.88,11.52
2019-09-27,260.2,14.83,11.54
2019-09-30,261.52,14.86,11.59
2019-10-01,258.33,14.81,11.63
2019-10-02,253.71,14.58,11.66
2019-10-03,255.79,14.62,11.76
2019-10-04,259.43,14.72,11.83
2019-10-07,258.27,14.65,11.74
2019-10-08,254.25,14.52,11.78
2019-10-09,256.64,14.63,11.7
2019-10-10,258.3,14.7,11.53
2019-10-11,261.14,15.0,11.4
2019-10-14,260.78,14.96,11.47
2019-10-15,263.38,15.19,11.33
2019-10-16,262.87,15.19,11.35
2019-10-17,263.61,15.27,11.32
2019-10-18,262.58,15.26,11.32
2019-10-21,264.39,15.37,11.23
2019-10-22,263.46,15.31,11.3
2019-10-23,264.22,15.37,11.31
2019-10-24,264.72,15.34,11.28
2019-10-25,265.81,15.4,11.23
2019-10-28,267.28,15.5,11.13
2019-10-29,267.2,15.5,11.14
2019-10-30,267.96,15.57,11.29
2019-10-31,267.16,15.56,11.46
2019-11-01,269.77,15.7,11.43
2019-11-04,270.77,15.77,11.29
2019-11-05,270.44,15.75,11.15
2019-11-06,270.65,15.75,11.23
2019-11-07,271.52,15.84,11.03
2019-11-08,272.26,15.81,10.98
2019-11-11,271.72,15.81,10.99
2019-11-12,272.16,15.79,11.03
2019-11-13,272.37,15.8,11.09
2019-11-14,272.66,15.78,11.2
2019-11-15,274.8,15.94,11.2
2019-11-18,274.95,15.95,11.22
2019-11-19,274.79,15.95,11.3
2019-11-20,273.81,15.85,11.41
2019-11-21,273.4,15.8,11.35
2019-11-22,274.0,15.86,11.36
2019-11-25,276.09,15.99,11.4
2019-11-26,276.7,16.04,11.46
2019-11-27,277.89,16.1,11.41
2019-11-29,276.83,16.01,11.42
2019-12-02,274.45,15.9,11.27
2019-12-03,272.63,15.85,11.49
2019-12-04,274.38,16.04,11.38
2019-12-05,274.87,16.1,11.33
2019-12-06,277.39,16.21,11.27
2019-12-09,276.54,16.13,11.29
2019-12-10,276.25,16.15,11.29
2019-12-11,277.05,16.21,11.38
2019-12-12,279.47,16.27,11.19
2019-12-13,279.54,16.42,11.32
2019-12-16,281.53,16.61,11.21
2019-12-17,281.63,16.53,11.2
2019-12-18,281.53,16.44,11.11
2019-12-19,282.8,16.43,11.12
2019-12-20,284.22,16.44,11.14
2019-12-23,284.46,16.47,11.11
2019-12-24,284.43,16.5,11.15
2019-12-26,285.91,16.54,11.17
2019-12-27,285.92,16.61,11.19
2019-12-30,284.31,16.54,11.15
2019-12-31,285.16,16.6,11.08
2020-01-02,287.58,16.76,11.19
2020-01-03,285.58,16.6,11.35
2020-01-06,286.58,16.58,11.29
2020-01-07,285.81,16.58,11.24
2020-01-08,287.22,16.55,11.16
2020-01-09,289.2,16.63,11.19
2020-01-10,288.38,16.54,11.29
2020-01-13,290.39,16.67,11.25
2020-01-14,289.98,16.63,11.3
2020-01-15,290.52,16.67,11.38
2020-01-16,292.96,16.68,11.34
2020-01-17,294.1,16.68,11.25
2020-01-21,293.33,16.55,11.36
2020-01-22,293.42,16.63,11.41
2020-01-23,293.77,16.57,11.47
2020-01-24,291.13,16.49,11.57
2020-01-27,286.54,16.14,11.73
2020-01-28,289.42,16.26,11.64
2020-01-29,289.18,16.25,11.76
2020-01-30,290.13,16.16,11.76
2020-01-31,285.01,15.93,11.88
2020-02-03,287.08,15.96,11.88
2020-02-04,291.38,16.24,11.72
2020-02-05,294.66,16.37,11.6
2020-02-06,295.7,16.38,11.66
2020-02-07,294.16,16.19,11.78
2020-02-10,296.36,16.21,11.82
2020-02-11,296.86,16.38,11.76
2020-02-12,298.79,16.46,11.7
2020-02-13,298.4,16.38,11.74
2020-02-14,299.0,16.41,11.78
2020-02-18,298.14,16.2,11.86
2020-02-19,299.59,16.26,11.86
2020-02-20,298.45,16.15,11.95
2020-02-21,295.32,16.07,12.06
2020-02-24,285.45,15.38,12.24
2020-02-25,276.82,15.14,12.32
2020-02-26,275.77,15.16,12.25
2020-02-27,263.64,14.67,12.37
2020-02-28,261.53,14.65,12.67
2020-03-02,273.56,14.82,12.57
2020-03-03,265.88,14.69,12.77
2020-03-04,277.11,14.97,12.64
2020-03-05,267.77,14.56,12.93
2020-03-06,263.21,14.34,13.57
2020-03-09,243.16,13.33,13.93
2020-03-10,255.17,13.63,13.25
2020-03-11,242.73,13.01,13.11
2020-03-12,219.69,11.51,12.9
2020-03-13,240.16,12.03,12.63
2020-03-16,211.4,10.74,13.27
2020-03-17,224.03,10.96,12.49
2020-03-18,212.44,10.42,11.95
2020-03-19,213.44,10.42,11.96
2020-03-20,204.22,10.46,12.74
2020-03-23,198.24,10.33,13.27
2020-03-24,216.87,11.15,13.2
2020-03-25,219.38,11.4,13.12
2020-03-26,233.07,12.09,13.2
2020-03-27,225.22,11.77,13.51
2020-03-30,232.8,11.92,13.45
2020-03-31,229.09,11.89,13.39
2020-04-01,218.98,11.48,13.58
2020-04-02,224.02,11.59,13.66
2020-04-03,220.66,11.27,13.72
2020-04-06,236.17,11.84,13.63
2020-04-07,235.8,11.99,13.56
2020-04-08,243.89,12.3,13.43
2020-04-09,247.45,12.57,13.46
2020-04-13,244.96,12.52,13.36
2020-04-14,252.48,12.79,13.36
2020-04-15,246.93,12.35,13.69
2020-04-16,248.37,12.39,13.85
2020-04-17,255.03,12.69,13.66
2020-04-20,250.47,12.54,13.76
2020-04-21,242.8,12.29,13.93
2020-04-22,248.37,12.49,13.8
2020-04-23,248.24,12.54,13.87
2020-04-24,251.71,12.64,13.9
2020-04-27,255.41,12.79,13.66
2020-04-28,254.08,12.9,13.8
2020-04-29,260.84,13.25,13.74
2020-04-30,258.45,13.15,13.63
2020-05-01,251.22,12.92,13.71
2020-05-04,252.28,12.84,13.66
2020-05-05,254.57,12.93,13.58
2020-05-06,252.8,12.85,13.37
2020-05-07,255.81,13.08,13.59
2020-05-08,260.18,13.29,13.42
2020-05-11,260.22,13.31,13.31
2020-05-12,254.91,13.12,13.45
2020-05-13,250.48,13.1,13.53
2020-05-14,253.42,12.97,13.66
2020-05-15,254.43,13.01,13.62
2020-05-18,262.48,13.46,13.34
2020-05-19,259.75,13.34,13.39
2020-05-20,264.12,13.62,13.42
2020-05-21,262.09,13.55,13.46
2020-05-22,262.75,13.56,13.52
2020-05-26,265.99,13.97,13.35
2020-05-27,269.93,14.09,13.35
2020-05-28,269.41,14.19,13.29
2020-05-29,270.74,14.29,13.4
2020-06-01,271.76,14.5,13.31
2020-06-02,274.0,14.72,13.27
2020-06-03,277.77,14.96,13.1
2020-06-04,276.89,14.93,12.91
2020-06-05,284.15,15.12,12.82
2020-06-08,287.57,15.17,12.87
2020-06-09,285.36,14.97,13.01
2020-06-10,283.84,14.99,13.19
2020-06-11,267.14,14.23,13.44
2020-06-12,270.7,14.41,13.31
2020-06-15,272.97,14.5,13.32
2020-06-16,278.14,14.68,13.13
2020-06-17,277.15,14.75,13.17
2020-06-18,277.31,14.74,13.31
2020-06-19,275.79,14.69,13.31
2020-06-22,277.59,14.83,13.32
2020-06-23,278.78,14.93,13.24
2020-06-24,271.58,14.57,13.37
2020-06-25,274.57,14.69,13.4
2020-06-26,267.89,14.52,13.53
2020-06-29,271.86,14.64,13.49
2020-06-30,276.06,14.67,13.45
2020-07-01,277.45,14.71,13.42
2020-07-02,278.77,14.73,13.44
2020-07-06,283.2,15.09,13.39
2020-07-07,280.13,14.95,13.56
2020-07-08,282.33,15.04,13.51
2020-07-09,280.82,14.92,13.71
2020-07-10,283.75,15.0,13.64
2020-07-13,281.1,14.9,13.68
2020-07-14,284.9,14.98,13.7
2020-07-15,287.5,15.18,13.64
2020-07-16,286.52,15.04,13.7
2020-07-17,287.35,15.11,13.67
2020-07-20,289.76,15.21,13.7
2020-07-21,290.26,15.35,13.71
2020-07-22,291.92,15.41,13.76
2020-07-23,288.35,15.34,13.89
2020-07-24,286.57,15.23,13.9
2020-07-27,288.69,15.45,13.84
2020-07-28,286.82,15.35,13.94
2020-07-29,290.39,15.48,13.92
2020-07-30,289.36,15.37,14.0
2020-07-31,291.6,15.21,14.02
2020-08-03,293.7,15.35,13.95
2020-08-04,294.76,15.44,14.08
2020-08-05,296.65,15.62,13.96
2020-08-06,298.59,15.66,14.03
2020-08-07,298.84,15.6,13.95
2020-08-10,299.66,15.56,13.89
2020-08-11,297.28,15.65,13.72
2020-08-12,301.48,15.85,13.61
2020-08-13,300.94,15.88,13.46
2020-08-14,300.9,15.83,13.42
2020-08-17,301.73,15.91,13.46
2020-08-18,302.46,15.95,13.54
2020-08-19,301.18,15.88,13.46
2020-08-20,302.14,15.84,13.59
2020-08-21,303.19,15.82,13.65
2020-08-24,306.27,15.98,13.63
2020-08-25,307.38,15.98,13.53
2020-08-26,310.52,16.11,13.48
2020-08-27,311.06,16.0,13.27
2020-08-28,313.18,16.05,13.26
2020-08-31,313.18,16.04,13.36
2020-09-01,314.88,16.1,13.5
2020-09-02,319.75,16.24,13.62
2020-09-03,308.58,15.85,13.66
2020-09-04,306.07,15.81,13.4
2020-09-08,297.58,15.66,13.49
2020-09-09,303.59,15.86,13.44
2020-09-10,298.26,15.68,13.5
2020-09-11,298.44,15.85,13.53
2020-09-14,302.33,16.03,13.54
2020-09-15,303.92,16.13,13.51
2020-09-16,302.52,16.21,13.47
2020-09-17,299.98,16.24,13.51
2020-09-18,296.62,16.16,13.46
2020-09-21,293.21,15.78,13.52
2020-09-22,296.29,15.76,13.52
2020-09-23,289.28,15.61,13.54
2020-09-24,290.16,15.6,13.58
2020-09-25,294.8,15.72,13.58
2020-09-28,299.57,15.97,13.55
2020-09-29,298.16,15.99,13.56
2020-09-30,300.63,16.08,13.46
2020-10-01,302.25,16.17,13.49
2020-10-02,299.37,16.06,13.43
2020-10-05,304.77,16.34,13.18
2020-10-06,300.52,16.22,13.25
2020-10-07,305.75,16.37,13.15
2020-10-08,308.3,16.52,13.22
2020-10-09,311.01,16.68,13.21
2020-10-12,316.12,16.81,13.25
2020-10-13,314.12,16.62,13.35
2020-10-14,312.07,16.62,13.37
2020-10-15,311.6,16.44,13.36
2020-10-16,311.64,16.47,13.31
2020-10-19,306.55,16.45,13.26
2020-10-20,308.01,16.59,13.14
2020-10-21,307.34,16.54,13.1
2020-10-22,308.97,16.46,12.97
2020-10-23,310.03,16.47,13.04
2020-10-26,304.27,16.1,13.16
2020-10-27,303.36,16.05,13.24
2020-10-28,292.64,15.62,13.25
2020-10-29,296.17,15.74,13.12
2020-10-30,292.6,15.65,13.03
2020-11-02,296.21,15.75,13.11
2020-11-03,301.49,16.07,13.04
2020-11-04,308.13,16.35,13.31
2020-11-05,314.19,16.76,13.33
2020-11-06,314.06,16.82,13.18
2020-11-09,317.83,17.08,12.9
2020-11-10,317.44,16.97,12.83
2020-11-11,319.86,17.12,12.87
2020-11-12,316.74,17.01,13.09
2020-11-13,321.08,17.23,13.07
2020-11-16,324.82,17.47,13.04
2020-11-17,323.31,17.44,13.13
2020-11-18,319.63,17.39,13.15
2020-11-19,320.91,17.53,13.22
2020-11-20,318.73,17.6,13.33
2020-11-23,320.56,17.59,13.27
2020-11-24,325.74,17.78,13.15
2020-11-25,325.24,17.7,13.11
2020-11-27,326.04,17.95,13.23
2020-11-30,324.6,17.77,13.23
2020-12-01,328.26,18.13,13.04
2020-12-02,328.88,18.09,12.94
2020-12-03,328.74,18.14,13.04
2020-12-04,331.66,18.25,12.86
2020-12-07,331.01,18.1,12.97
2020-12-08,331.94,18.21,13.03
2020-12-09,329.32,18.22,12.98
2020-12-10,328.92,18.19,13.1
2020-12-11,328.52,18.2,13.14
2020-12-14,327.14,18.29,13.11
2020-12-15,331.36,18.46,13.07
2020-12-16,331.95,18.53,13.03
2020-12-17,333.88,18.74,13.01
2020-12-18,332.73,18.69,12.96
2020-12-21,331.46,18.53,13.01
2020-12-22,330.8,18.44,13.07
2020-12-23,331.04,18.7,12.98
2020-12-24,332.24,18.79,13.03
2020-12-28,335.14,18.83,13.04
2020-12-29,334.39,19.03,13.02
2020-12-30,334.88,19.12,13.05
2020-12-31,337.06,19.1,13.09
2021-01-04,332.1,19.05,13.07
2021-01-05,334.49,19.3,12.98
2021-01-06,336.41,19.35,12.73
2021-01-07,341.47,19.39,12.63
2021-01-08,343.39,19.5,12.58
2021-01-11,341.13,19.3,12.55
2021-01-12,341.28,19.43,12.54
2021-01-13,342.06,19.43,12.67
2021-01-14,340.81,19.54,12.56
2021-01-15,338.36,19.25,12.62
2021-01-19,341.12,19.51,12.66
2021-01-20,345.88,19.7,12.66
2021-01-21,346.01,19.76,12.58
2021-01-22,344.97,19.66,12.61
2021-01-25,346.22,19.55,12.75
2021-01-26,345.7,19.52,12.74
2021-01-27,336.82,19.1,12.74
2021-01-28,340.14,19.2,12.7
2021-01-29,333.62,18.9,12.65
2021-02-01,339.06,19.25,12.66
2021-02-02,343.78,19.52,12.59
2021-02-03,344.06,19.59,12.48
2021-02-04,347.83,19.62,12.44
2021-02-05,349.22,19.77,12.34
2021-02-08,351.81,19.95,12.39
2021-02-09,351.48,20.04,12.39
2021-02-10,351.36,19.99,12.47
2021-02-11,352.01,20.14,12.41
2021-02-12,353.69,20.25,12.26
2021-02-16,353.52,20.33,12.09
2021-02-17,353.46,20.15,12.14
2021-02-18,351.92,19.95,12.11
2021-02-19,351.29,20.07,11.96
2021-02-22,348.59,19.99,11.86
2021-02-23,349.04,19.95,11.83
2021-02-24,353.01,19.92,11.77
2021-02-25,344.41,19.65,11.56
2021-02-26,342.81,19.37,11.94
2021-03-01,350.97,19.79,11.8
2021-03-02,348.13,19.72,11.81
2021-03-03,343.6,19.56,11.68
2021-03-04,339.05,19.19,11.61
2021-03-05,345.67,19.23,11.62
2021-03-08,343.83,18.99,11.54
2021-03-09,348.72,19.33,11.68
2021-03-10,350.84,19.38,11.7
2021-03-11,354.51,19.72,11.63
2021-03-12,354.96,19.72,11.39
2021-03-15,357.28,19.74,11.44
2021-03-16,356.72,19.88,11.4
2021-03-17,357.75,19.91,11.33
2021-03-18,352.49,19.73,11.23
2021-03-19,352.32,19.77,11.28
2021-03-22,354.79,19.85,11.39
2021-03-23,352.07,19.52,11.5
2021-03-24,350.17,19.33,11.55
2021-03-25,352.02,19.44,11.48
2021-03-26,357.88,19.72,11.43
2021-03-29,357.56,19.61,11.34
2021-03-30,356.47,19.58,11.39
2021-03-31,357.79,19.6,11.36
2021-04-01,362.02,19.99,11.53
2021-04-05,367.29,20.19,11.48
2021-04-06,366.94,20.17,11.55
2021-04-07,367.49,20.24,11.49
2021-04-08,369.13,20.39,11.57
2021-04-09,371.98,20.41,11.53
2021-04-12,371.91,20.29,11.53
2021-04-13,373.13,20.51,11.59
2021-04-14,371.66,20.5,11.57
2021-04-15,375.78,20.66,11.75
2021-04-16,377.14,20.81,11.66
2021-04-19,375.13,20.79,11.63
2021-04-20,372.59,20.49,11.68
2021-04-21,376.06,20.56,11.7
2021-04-22,372.62,20.58,11.74
2021-04-23,376.7,20.86,11.72
2021-04-26,377.37,20.94,11.71
2021-04-27,377.3,20.86,11.61
2021-04-28,376.97,20.89,11.62
2021-04-29,379.54,20.88,11.58
2021-04-30,376.84,20.6,11.63
2021-05-03,377.87,20.76,11.64
2021-05-04,375.34,20.42,11.7
2021-05-05,375.61,20.58,11.72
2021-05-06,378.74,20.58,11.74
2021-05-07,381.59,20.83,11.69
2021-05-10,377.62,20.68,11.58
2021-05-11,374.34,20.34,11.52
2021-05-12,366.36,19.87,11.4
2021-05-13,370.89,19.98,11.42
2021-05-14,376.45,20.29,11.51
2021-05-17,375.49,20.23,11.49
2021-05-18,372.33,20.39,11.47
2021-05-19,371.29,20.25,11.43
2021-05-20,375.24,20.56,11.53
2021-05-21,374.95,20.53,11.56
2021-05-24,378.71,20.67,11.59
2021-05-25,377.91,20.71,11.7
2021-05-26,378.62,20.74,11.68
2021-05-27,379.09,20.85,11.63
2021-05-28,379.43,20.87,11.65
2021-06-01,379.25,21.02,11.62
2021-06-02,379.84,21.02,11.65
2021-06-03,378.51,20.89,11.61
2021-06-04,381.86,21.11,11.76
2021-06-07,381.57,21.17,11.72
2021-06-08,381.64,21.16,11.8
2021-06-09,380.95,21.07,11.89
2021-06-10,382.75,21.18,11.96
2021-06-11,383.5,21.23,11.94
2021-06-14,384.28,21.32,11.85
2021-06-15,383.52,21.23,11.85
2021-06-16,381.46,21.06,11.83
2021-06-17,381.3,20.97,11.99
2021-06-18,376.31,20.65,12.19
2021-06-21,381.6,20.86,12.02
2021-06-22,383.55,20.91,12.03
2021-06-23,383.14,20.83,12.01
2021-06-24,385.39,20.97,12.02
2021-06-25,386.68,21.03,11.91
2021-06-28,387.57,20.99,12.02
2021-06-29,387.71,21.02,12.04
2021-06-30,388.24,20.9,12.11
2021-07-01,390.29,20.97,12.11
2021-07-02,393.27,21.17,12.17
2021-07-06,392.49,21.07,12.3
2021-07-07,393.8,21.15,12.41
2021-07-08,390.51,20.82,12.46
2021-07-09,394.91,21.11,12.3
2021-07-12,396.27,21.22,12.28
2021-07-13,394.88,21.11,12.18
2021-07-14,395.38,21.12,12.32
2021-07-15,394.1,20.92,12.45
2021-07-16,391.13,20.79,12.42
2021-07-19,384.92,20.43,12.67
2021-07-20,390.77,20.55,12.56
2021-07-21,393.98,20.88,12.42
2021-07-22,394.81,21.02,12.51
2021-07-23,398.83,21.13,12.44
2021-07-26,399.78,21.17,12.41
2021-07-27,397.9,21.05,12.52
2021-07-28,397.82,21.21,12.52
2021-07-29,399.54,21.35,12.47
2021-07-30,397.41,21.19,12.54
2021-08-02,396.68,21.35,12.64
2021-08-03,399.93,21.46,12.65
2021-08-04,398.08,21.4,12.68
2021-08-05,400.49,21.53,12.61
2021-08-06,401.21,21.36,12.42
2021-08-09,400.86,21.33,12.37
2021-08-10,401.26,21.41,12.32
2021-08-11,402.26,21.54,12.31
2021-08-12,403.56,21.49,12.29
2021-08-13,404.22,21.58,12.47
2021-08-16,405.28,21.45,12.5
2021-08-17,402.45,21.2,12.5
2021-08-18,398.19,21.32,12.53
2021-08-19,398.72,21.11,12.62
2021-08-20,401.98,21.16,12.62
2021-08-23,405.44,21.43,12.62
2021-08-24,406.05,21.55,12.53
2021-08-25,406.95,21.64,12.43
2021-08-26,404.59,21.54,12.46
2021-08-27,408.18,21.79,12.53
2021-08-30,409.95,21.89,12.56
2021-08-31,409.45,21.93,12.51
2021-09-01,409.59,22.14,12.52
2021-09-02,410.83,22.27,12.57
2021-09-03,410.7,22.37,12.47
2021-09-07,409.31,22.34,12.37
2021-09-08,408.78,22.15,12.44
2021-09-09,406.93,22.23,12.57
2021-09-10,403.81,22.26,12.48
2021-09-13,404.72,22.31,12.55
2021-09-14,402.5,22.24,12.68
2021-09-15,405.91,22.22,12.64
2021-09-16,405.3,22.16,12.58
2021-09-17,401.61,22.0,12.52
2021-09-20,394.79,21.56,12.67
2021-09-21,394.48,21.74,12.66
2021-09-22,398.23,21.79,12.72
2021-09-23,403.08,22.1,12.45
2021-09-24,403.67,21.89,12.34
2021-09-27,402.56,21.68,12.29
2021-09-28,394.35,21.03,12.12
2021-09-29,395.01,20.87,12.14
2021-09-30,390.33,20.9,12.15
2021-10-01,394.82,20.97,12.24
2021-10-04,389.71,20.58,12.21
2021-10-05,393.85,20.67,12.11
2021-10-06,395.47,20.46,12.16
2021-10-07,398.84,20.63,12.04
2021-10-08,398.08,20.59,11.96
2021-10-11,395.35,20.48,11.93
2021-10-12,394.38,20.48,12.13
2021-10-13,395.58,20.77,12.23
2021-10-14,402.37,21.02,12.28
2021-10-15,405.38,21.23,12.2
2021-10-18,406.74,21.17,12.25
2021-10-19,409.76,21.32,12.1
2021-10-20,411.26,21.31,12.02
2021-10-21,412.52,21.24,12.01
2021-10-22,412.08,21.28,12.13
2021-10-25,414.03,21.27,12.11
2021-10-26,414.79,21.3,12.19
2021-10-27,412.7,21.22,12.41
2021-10-28,416.77,21.49,12.35
2021-10-29,417.63,21.25,12.4
2021-11-01,418.38,21.49,12.34
2021-11-02,419.92,21.43,12.38
2021-11-03,422.63,21.62,12.27
2021-11-04,424.46,21.68,12.39
2021-11-05,426.08,21.73,12.55
2021-11-08,426.46,21.71,12.53
2021-11-09,425.0,21.65,12.67
2021-11-10,421.59,21.32,12.47
2021-11-11,421.82,21.42,12.43
2021-11-12,424.91,21.55,12.4
2021-11-15,424.92,21.51,12.24
2021-11-16,426.58,21.44,12.22
2021-11-17,425.55,21.39,12.3
2021-11-18,427.03,21.38,12.34
2021-11-19,426.44,21.24,12.47
2021-11-22,425.11,21.04,12.32
2021-11-23,425.82,20.87,12.15
2021-11-24,426.81,20.71,12.33
2021-11-26,417.12,20.34,12.62
2021-11-29,422.64,20.43,12.52
2021-11-30,414.69,20.29,12.73
2021-12-01,409.81,20.2,12.78
2021-12-02,415.7,20.34,12.8
2021-12-03,412.21,20.22,12.93
2021-12-06,417.05,20.29,12.77
2021-12-07,425.69,20.81,12.68
2021-12-08,427.01,20.84,12.49
2021-12-09,424.0,20.68,12.55
2021-12-10,428.04,20.65,12.52
2021-12-13,424.13,20.36,12.69
2021-12-14,421.03,20.16,12.66
2021-12-15,427.92,20.43,12.55
2021-12-16,424.19,20.33,12.55
2021-12-17,419.86,20.14,12.68
2021-12-20,415.06,20.0,12.6
2021-12-21,422.46,20.27,12.54
2021-12-22,426.8,20.53,12.6
2021-12-23,429.46,20.65,12.49
2021-12-27,435.42,20.81,12.52
2021-12-28,434.98,20.84,12.48
2021-12-29,435.59,20.92,12.35
2021-12-30,434.32,20.89,12.45
2021-12-31,433.21,20.91,12.49
2022-01-03,435.96,20.93,12.19
2022-01-04,435.71,20.86,12.13
2022-01-05,427.3,20.57,12.07
2022-01-06,426.91,20.38,12.09
2022-01-07,425.26,20.33,12.02
2022-01-10,424.64,20.02,12.04
2022-01-11,428.53,20.26,12.1
2022-01-12,429.74,20.5,12.07
2022-01-13,423.66,20.29,12.16
2022-01-14,424.02,20.13,11.99
2022-01-18,416.22,19.7,11.82
2022-01-19,412.19,19.64,11.91
2022-01-20,407.68,19.55,11.97
2022-01-21,399.97,19.26,12.1
2022-01-24,401.07,18.94,12.02
2022-01-25,396.19,18.74,11.99
2022-01-26,395.59,18.68,11.85
2022-01-27,393.49,18.42,12.05
2022-01-28,403.12,18.54,12.06
2022-01-31,410.73,18.96,12.03
2022-02-01,413.55,19.16,11.99
2022-02-02,417.45,19.34,12.03
2022-02-03,407.28,18.91,11.94
2022-02-04,409.45,18.92,11.77
2022-02-07,407.94,18.85,11.77
2022-02-08,411.37,18.85,11.69
2022-02-09,417.39,19.23,11.72
2022-02-10,409.88,18.97,11.54
2022-02-11,402.12,18.68,11.71
2022-02-14,400.61,18.48,11.57
2022-02-15,406.97,18.9,11.45
2022-02-16,407.38,18.94,11.51
2022-02-17,398.81,18.57,11.59
2022-02-18,396.0,18.43,11.7
2022-02-22,391.99,18.13,11.72
2022-02-23,384.77,17.93,11.57
2022-02-24,390.55,17.76,11.58
2022-02-25,399.34,18.17,11.58
2022-02-28,398.4,18.08,11.84
2022-03-01,392.25,17.69,11.98
2022-03-02,399.56,17.82,11.59
2022-03-03,397.52,17.38,11.7
2022-03-04,394.38,16.78,11.9
2022-03-07,382.74,16.16,11.82
2022-03-08,379.97,16.15,11.68
2022-03-09,389.8,16.9,11.57
2022-03-10,388.16,16.78,11.43
2022-03-11,383.15,16.63,11.46
2022-03-14,380.38,16.74,11.21
2022-03-15,388.53,16.79,11.19
2022-03-16,397.24,17.48,11.28
2022-03-17,402.16,17.71,11.19
2022-03-18,406.85,17.95,11.31
2022-03-21,406.69,17.81,11.07
2022-03-22,411.29,17.95,10.94
2022-03-23,406.25,17.72,11.15
2022-03-24,412.11,17.78,11.08
2022-03-25,414.2,17.78,10.92
2022-03-28,417.15,17.71,11.0
2022-03-29,422.27,18.21,11.08
2022-03-30,419.65,18.12,11.16
2022-03-31,413.11,17.78,11.21
2022-04-01,414.51,17.93,11.24
2022-04-04,417.87,18.09,11.17
2022-04-05,412.69,17.87,10.94
2022-04-06,408.69,17.53,10.85
2022-04-07,410.47,17.47,10.76
2022-04-08,409.39,17.42,10.63
2022-04-11,402.47,17.15,10.49
2022-04-12,401.11,17.04,10.48
2022-04-13,405.66,17.3,10.5
2022-04-14,400.73,17.21,10.3
2022-04-18,400.64,17.04,10.24
2022-04-19,407.08,17.15,10.17
2022-04-20,406.84,17.24,10.37
2022-04-21,400.87,17.15,10.29
2022-04-22,389.75,16.83,10.24
2022-04-25,391.97,16.74,10.33
2022-04-26,380.95,16.24,10.43
2022-04-27,381.75,16.22,10.31
2022-04-28,391.21,16.48,10.32
2022-04-29,377.05,16.31,10.21
2022-05-02,379.18,16.22,10.05
2022-05-03,381.02,16.27,10.11
2022-05-04,392.4,16.47,10.15
2022-05-05,378.45,15.92,9.91
2022-05-06,376.35,15.64,9.76
2022-05-09,364.32,15.1,9.84
2022-05-10,365.21,15.17,9.93
2022-05-11,359.21,15.12,10.08
2022-05-12,358.88,15.01,10.08
2022-05-13,367.48,15.47,9.94
2022-05-16,366.05,15.47,9.95
2022-05-17,373.45,15.78,9.83
2022-05-18,358.44,15.41,10.02
2022-05-19,356.39,15.62,10.03
2022-05-20,356.45,15.73,10.14
2022-05-23,363.11,16.0,10.0
2022-05-24,360.16,15.79,10.17
2022-05-25,363.56,15.76,10.2
2022-05-26,370.8,15.98,10.16
2022-05-27,380.05,16.21,10.18
2022-05-31,377.69,16.22,10.01
2022-06-01,374.9,16.05,10.0
2022-06-02,381.88,16.33,10.0
2022-06-03,375.65,16.11,9.97
2022-06-06,376.84,16.18,9.8
2022-06-07,380.43,16.21,9.9
2022-06-08,376.33,16.07,9.82
2022-06-09,367.41,15.72,9.84
2022-06-10,356.73,15.31,9.77
2022-06-13,342.9,14.66,9.48
2022-06-14,341.72,14.53,9.37
2022-06-15,346.72,14.84,9.53
2022-06-16,335.48,14.45,9.59
2022-06-17,336.23,14.45,9.64
2022-06-21,344.47,14.59,9.48
2022-06-22,344.02,14.51,9.72
2022-06-23,347.32,14.51,9.79
2022-06-24,357.94,14.91,9.66
2022-06-27,356.88,14.91,9.59
2022-06-28,349.67,14.8,9.62
2022-06-29,349.45,14.64,9.76
2022-06-30,346.44,14.55,9.86
2022-07-01,350.1,14.5,9.95
2022-07-05,350.72,14.25,10.04
2022-07-06,351.98,14.32,9.88
2022-07-07,357.28,14.58,9.8
2022-07-08,357.01,14.67,9.69
2022-07-11,352.9,14.39,9.86
2022-07-12,349.65,14.28,9.9
2022-07-13,348.09,14.27,10.0
2022-07-14,347.09,14.1,9.92
2022-07-15,353.75,14.31,9.98
2022-07-18,350.8,14.42,9.88
2022-07-19,360.49,14.75,9.83
2022-07-20,362.62,14.75,9.86
2022-07-21,366.23,15.01,10.01
2022-07-22,362.81,15.0,10.18
2022-07-25,363.29,15.01,10.08
2022-07-26,359.09,14.78,10.09
2022-07-27,368.49,15.12,10.05
2022-07-28,373.0,15.26,10.12
2022-07-29,378.35,15.48,10.12
2022-08-01,377.28,15.51,10.34
2022-08-02,374.76,15.24,10.14
2022-08-03,380.63,15.44,10.28
2022-08-04,380.36,15.57,10.28
2022-08-05,379.8,15.39,10.05
2022-08-08,379.33,15.39,10.19
2022-08-09,377.73,15.27,10.15
2022-08-10,385.79,15.74,10.09
2022-08-11,385.63,15.77,9.88
2022-08-12,392.35,15.89,9.97
2022-08-15,393.92,15.79,9.97
2022-08-16,394.68,15.76,10.01
2022-08-17,391.89,15.6,9.9
2022-08-18,392.83,15.58,9.92
2022-08-19,387.78,15.25,9.77
2022-08-22,379.52,14.91,9.73
2022-08-23,378.67,14.93,9.68
2022-08-24,379.78,14.96,9.61
2022-08-25,385.14,15.11,9.74
2022-08-26,372.17,14.71,9.8
2022-08-29,369.7,14.62,9.71
2022-08-30,365.66,14.58,9.74
2022-08-31,362.87,14.56,9.68
2022-09-01,364.02,14.28,9.51
2022-09-02,360.14,14.21,9.56
2022-09-06,358.68,14.11,9.34
2022-09-07,365.26,14.25,9.47
2022-09-08,367.72,14.35,9.4
2022-09-09,373.37,14.72,9.4
2022-09-12,377.32,14.93,9.33
2022-09-13,361.01,14.39,9.35
2022-09-14,362.34,14.45,9.37
2022-09-15,358.26,14.31,9.35
2022-09-16,355.69,14.23,9.28
2022-09-19,358.13,14.25,9.3
2022-09-20,354.1,14.02,9.21
2022-09-21,348.06,13.86,9.34
2022-09-22,345.13,13.75,9.11
2022-09-23,339.2,13.29,9.15
2022-09-26,335.69,13.07,8.97
2022-09-27,335.0,12.99,8.75
2022-09-28,341.6,13.28,9.03
2022-09-29,334.43,13.02,8.98
2022-09-30,329.41,13.09,8.9
2022-10-03,337.93,13.39,9.04
2022-10-04,348.3,13.92,9.01
2022-10-05,347.62,13.74,8.92
2022-10-06,344.15,13.59,8.88
2022-10-07,334.52,13.27,8.79
2022-10-10,332.01,13.15,8.67
2022-10-11,329.85,13.01,8.7
2022-10-12,328.77,12.92,8.74
2022-10-13,337.36,13.17,8.66
2022-10-14,329.38,12.92,8.6
2022-10-17,338.1,13.3,8.56
2022-10-18,341.98,13.4,8.59
2022-10-19,339.69,13.15,8.45
2022-10-20,337.02,13.13,8.32
2022-10-21,345.02,13.38,8.17
2022-10-24,349.12,13.32,8.12
2022-10-25,354.8,13.66,8.33
2022-10-26,352.18,13.81,8.44
2022-10-27,350.05,13.68,8.51
2022-10-28,358.7,13.8,8.46
2022-10-31,356.03,13.63,8.41
2022-11-01,354.58,13.73,8.49
2022-11-02,345.71,13.52,8.45
2022-11-03,342.09,13.37,8.4
2022-11-04,346.82,13.84,8.29
2022-11-07,350.16,13.97,8.21
2022-11-08,352.12,14.13,8.29
2022-11-09,344.88,13.94,8.31
2022-11-10,364.02,14.79,8.62
2022-11-11,367.38,15.2,8.59
2022-11-14,364.18,15.08,8.58
2022-11-15,367.38,15.13,8.7
2022-11-16,364.43,14.94,8.88
2022-11-17,363.38,14.91,8.79
2022-11-18,365.12,14.91,8.74
2022-11-21,363.74,14.79,8.76
2022-11-22,368.69,14.97,8.87
2022-11-23,370.89,15.17,9.01
2022-11-25,370.79,15.26,8.99
2022-11-28,365.06,15.03,9.01
2022-11-29,364.5,15.02,8.92
2022-11-30,375.88,15.39,8.99
2022-12-01,375.61,15.56,9.25
2022-12-02,375.2,15.59,9.35
2022-12-05,368.49,15.29,9.23
2022-12-06,363.19,15.13,9.34
2022-12-07,362.52,15.16,9.52
2022-12-08,365.3,15.24,9.49
2022-12-09,362.62,15.27,9.28
2022-12-12,367.8,15.32,9.3
2022-12-13,370.5,15.55,9.39
2022-12-14,368.33,15.58,9.43
2022-12-15,359.17,15.17,9.47
2022-12-16,355.2,15.08,9.38
2022-12-19,352.0,15.03,9.23
2022-12-20,352.38,15.05,9.08
2022-12-21,357.66,15.18,9.1
2022-12-22,352.49,15.02,9.1
2022-12-23,354.57,15.07,8.97
