Date,AAPL,AMD,NVDA,MSFT,HPQ,FB,GOOG,NFLX
2018-01-31,39.92369079589844,13.739999771118164,60.87651443481445,90.12434387207031,20.524564743041992,186.88999938964844,1169.93994140625,270.29998779296875
2018-02-01,40.007144927978516,13.25,59.563880920410156,89.41291046142578,20.506959915161133,193.08999633789062,1167.699951171875,265.07000732421875
2018-02-02,38.27123260498047,12.449999809265137,57.835166931152344,87.06043243408203,19.785255432128906,190.27999877929688,1111.9000244140625,267.42999267578125
2018-02-05,37.31505584716797,11.569999694824219,52.92641067504883,83.47480773925781,18.737911224365234,181.25999450683594,1055.800048828125,254.25999450683594
2018-02-06,38.874515533447266,11.649999618530273,55.86869430541992,86.63357543945312,18.861125946044922,185.30999755859375,1080.5999755859375,265.7200012207031
2018-02-07,38.04232406616211,11.600000381469727,56.66618728637695,85.00202178955078,18.667497634887695,180.17999267578125,1048.5799560546875,264.55999755859375
2018-02-08,36.995521545410156,11.220000267028809,53.87249755859375,80.6385726928711,17.532135009765625,171.5800018310547,1001.52001953125,250.10000610351562
2018-02-09,37.448028564453125,11.3100004196167,57.4785270690918,83.64557647705078,17.699357986450195,176.11000061035156,1037.780029296875,249.47000122070312
2018-02-12,38.956390380859375,11.680000305175781,56.47547149658203,84.54671478271484,17.963396072387695,176.41000366210938,1051.93994140625,257.95001220703125
2018-02-13,39.346649169921875,11.779999732971191,57.61475372314453,85.21072387695312,18.113018035888672,173.14999389648438,1052.0999755859375,258.2699890136719
2018-02-14,40.07210922241211,12.199999809265137,59.79173278808594,86.54496002197266,18.737911224365234,179.52000427246094,1069.699951171875,266.0
2018-02-15,41.41765594482422,12.1899995803833,61.04987716674805,88.3080825805664,18.878726959228516,179.9600067138672,1089.52001953125,280.2699890136719
2018-02-16,41.283573150634766,11.819999694824219,60.39108657836914,87.6790771484375,18.8347225189209,177.36000061035156,1094.800048828125,278.5199890136719
2018-02-20,41.144718170166016,12.020000457763672,61.68886947631836,88.36527252197266,18.8259220123291,176.00999450683594,1102.4599609375,278.54998779296875
2018-02-21,40.95796585083008,11.720000267028809,59.814022064208984,87.19302368164062,18.632293701171875,177.91000366210938,1111.3399658203125,281.0400085449219
2018-02-22,41.30033493041992,11.84000015258789,60.00979995727539,87.42176055908203,18.8259220123291,178.99000549316406,1106.6300048828125,278.1400146484375
2018-02-23,42.018592834472656,12.069999694824219,60.946563720703125,89.6423110961914,19.477210998535156,183.2899932861328,1126.7900390625,285.92999267578125
2018-02-26,42.849395751953125,12.420000076293945,61.1076545715332,90.93843841552734,20.647785186767578,184.92999267578125,1143.75,294.1600036621094
2018-02-27,42.71053695678711,12.529999732971191,60.97877502441406,89.7757339477539,20.700592041015625,181.4600067138672,1118.2900390625,290.6099853515625
2018-02-28,42.645896911621094,12.109999656677246,59.972625732421875,89.36593627929688,20.58617401123047,178.32000732421875,1104.72998046875,291.3800048828125
2018-03-01,41.898895263671875,11.899999618530273,57.54646301269531,88.48914337158203,20.550966262817383,175.94000244140625,1069.52001953125,290.3900146484375
2018-03-02,42.18859100341797,11.8100004196167,58.61952209472656,88.67973327636719,20.744600296020508,176.6199951171875,1078.9200439453125,301.04998779296875
2018-03-05,42.33463668823242,11.90999984741211,58.398963928222656,89.24203491210938,20.850210189819336,180.39999389648438,1090.9300537109375,315.0
2018-03-06,42.298728942871094,11.760000228881836,60.01228713989258,88.93707275390625,21.07904624938965,179.77999877929688,1095.06005859375,325.2200012207031
2018-03-07,41.90607452392578,12.239999771118164,59.9329719543457,89.45170593261719,21.15825653076172,183.7100067138672,1109.6400146484375,321.1600036621094
2018-03-08,42.36337661743164,11.970000267028809,59.76942443847656,89.99493408203125,21.07904624938965,182.33999633789062,1126.0,317.0
2018-03-09,43.09121322631836,11.699999809265137,60.79787063598633,92.00585174560547,21.69513702392578,185.22999572753906,1160.0400390625,331.44000244140625
2018-03-12,43.5078010559082,11.520000457763672,61.895721435546875,92.22503662109375,20.97342872619629,184.75999450683594,1164.5,321.29998779296875
2018-03-13,43.08882522583008,11.640000343322754,61.387691497802734,89.97589111328125,20.91057777404785,181.8800048828125,1138.1700439453125,315.8800048828125
2018-03-14,42.72249984741211,11.359999656677246,61.64293670654297,89.44219207763672,20.78663444519043,184.19000244140625,1149.489990234375,321.54998779296875
2018-03-15,42.77278518676758,11.460000038146973,61.79163360595703,89.7566909790039,20.78663444519043,183.86000061035156,1149.5799560546875,321.0899963378906
2018-03-16,42.6219482421875,11.470000267028809,62.07415008544922,90.1569595336914,20.813196182250977,185.08999633789062,1135.72998046875,318.45001220703125
2018-03-19,41.97071838378906,11.430000305175781,59.72480773925781,88.52727508544922,20.53875160217285,172.55999755859375,1099.8199462890625,313.4800109863281
2018-03-20,41.956356048583984,11.109999656677246,61.85110855102539,88.75598907470703,20.609575271606445,168.14999389648438,1097.7099609375,317.5
2018-03-21,41.00584030151367,11.260000228881836,61.59832763671875,88.13652801513672,20.609575271606445,169.38999938964844,1090.8800048828125,316.4800109863281
2018-03-22,40.426448822021484,10.90999984741211,59.935462951660156,85.5728759765625,19.892492294311523,164.88999938964844,1049.0799560546875,306.70001220703125
2018-03-23,39.490299224853516,10.630000114440918,57.73480987548828,83.08544158935547,19.343608856201172,159.38999938964844,1021.5700073242188,300.94000244140625
2018-03-26,41.36497497558594,10.4399995803833,60.58721923828125,89.37547302246094,19.653459548950195,160.05999755859375,1053.2099609375,320.3500061035156
2018-03-27,40.30433654785156,10.0,55.8885383605957,85.26788330078125,19.27278709411621,152.22000122070312,1005.0999755859375,300.69000244140625
2018-03-28,39.859012603759766,9.8100004196167,54.855133056640625,85.19166564941406,19.201961517333984,153.02999877929688,1004.5599975585938,285.7699890136719
2018-03-29,40.170257568359375,10.050000190734863,57.392818450927734,86.98335266113281,19.40558433532715,159.7899932861328,1031.7900390625,295.3500061035156
2018-04-02,39.906898498535156,9.529999732971191,54.78078079223633,84.36251831054688,18.715055465698242,155.38999938964844,1006.469970703125,280.2900085449219
2018-04-03,40.316307067871094,9.550000190734863,55.84642028808594,85.49663543701172,18.874406814575195,156.11000061035156,1013.4099731445312,283.6700134277344
2018-04-04,41.08724594116211,9.770000457763672,56.06697463989258,87.99357604980469,19.069169998168945,155.10000610351562,1025.1400146484375,288.94000244140625
2018-04-05,41.372169494628906,10.020000457763672,54.8625602722168,88.04121398925781,19.078022003173828,159.33999633789062,1027.81005859375,293.9700012207031
2018-04-06,40.31391525268555,9.609999656677246,53.095603942871094,85.99220275878906,18.39634895324707,157.1999969482422,1007.0399780273438,288.8500061035156
2018-04-09,40.7137565612793,9.529999732971191,53.383060455322266,86.5068588256836,18.49372673034668,157.92999267578125,1015.4500122070312,289.92999267578125
2018-04-10,41.47990036010742,9.979999542236328,56.480838775634766,88.51773834228516,19.25507926940918,165.0399932861328,1031.6400146484375,298.07000732421875
2018-04-11,41.28596878051758,9.819999694824219,56.06697463989258,87.54564666748047,19.113433837890625,166.32000732421875,1019.969970703125,303.6700134277344
2018-04-12,41.69298553466797,10.079999923706055,58.138755798339844,89.18486785888672,19.423288345336914,163.8699951171875,1032.510009765625,309.25
2018-04-13,41.83424377441406,9.930000305175781,57.370513916015625,88.70833587646484,19.27278709411621,164.52000427246094,1029.27001953125,311.6499938964844
2018-04-16,42.095211029052734,10.09000015258789,57.3680419921875,89.74716186523438,19.343608856201172,164.8300018310547,1037.97998046875,307.7799987792969
2018-04-17,42.67462921142578,10.520000457763672,58.867347717285156,91.55791473388672,19.520671844482422,168.66000366210938,1074.1600341796875,336.05999755859375
2018-04-18,42.57884979248047,10.359999656677246,58.57740783691406,91.9105453491211,19.502967834472656,166.36000061035156,1072.0799560546875,334.5199890136719
2018-04-19,41.372169494628906,10.109999656677246,56.760868072509766,91.59603118896484,19.17540740966797,168.10000610351562,1087.699951171875,332.70001220703125
2018-04-20,39.67704772949219,9.989999771118164,56.67909240722656,90.53816223144531,19.06031608581543,166.27999877929688,1072.9599609375,327.7699890136719
2018-04-23,39.562129974365234,10.039999961853027,55.482120513916016,90.87173461914062,18.927522659301758,165.83999633789062,1067.449951171875,318.69000244140625
2018-04-24,39.01145935058594,10.09000015258789,54.81795883178711,88.74647521972656,18.768169403076172,159.69000244140625,1019.97998046875,307.0199890136719
2018-04-25,39.18144226074219,9.710000038146973,53.69285202026367,87.97449493408203,18.86555290222168,159.69000244140625,1021.1799926757812,305.760009765625
2018-04-26,39.31791305541992,11.039999961853027,55.81420135498047,89.8329086303711,19.016048431396484,174.16000366210938,1040.0400390625,313.9800109863281
2018-04-27,38.86302185058594,11.109999656677246,56.08928298950195,91.31965637207031,19.13113784790039,173.58999633789062,1030.050048828125,311.760009765625
2018-04-30,39.566917419433594,10.880000114440918,55.734886169433594,89.12767028808594,19.024906158447266,172.0,1017.3300170898438,312.4599914550781
2018-05-01,40.486297607421875,11.130000114440918,56.29001998901367,90.53816223144531,19.31705093383789,173.86000061035156,1037.31005859375,313.29998779296875
2018-05-02,42.274784088134766,10.970000267028809,56.08431625366211,89.11815643310547,19.078022003173828,176.07000732421875,1024.3800048828125,313.3599853515625
2018-05-03,42.351402282714844,10.930000305175781,57.739768981933594,89.65186309814453,18.874406814575195,174.02000427246094,1023.719970703125,311.69000244140625
2018-05-04,44.01299285888672,11.279999732971191,59.2440299987793,90.69066619873047,19.1931095123291,176.61000061035156,1048.2099609375,320.0899963378906
2018-05-07,44.3314208984375,11.59000015258789,61.62806701660156,91.70085906982422,19.290489196777344,177.97000122070312,1054.7900390625,326.260009765625
2018-05-08,44.54450988769531,11.609999656677246,62.054317474365234,91.31012725830078,19.440994262695312,178.9199981689453,1053.9100341796875,326.8900146484375
2018-05-09,44.858150482177734,11.949999809265137,63.387596130371094,92.3870620727539,19.989870071411133,182.66000366210938,1082.760009765625,330.29998779296875
2018-05-10,45.49980163574219,12.130000114440918,64.46563720703125,93.31150817871094,20.1403751373291,185.52999877929688,1097.5699462890625,329.6000061035156
2018-05-11,45.32674789428711,11.949999809265137,63.07782745361328,93.11135864257812,20.104957580566406,186.99000549316406,1098.260009765625,326.4599914550781
2018-05-14,45.22099304199219,12.229999542236328,63.28350830078125,93.42587280273438,19.981014251708984,186.63999938964844,1100.199951171875,328.5299987792969
2018-05-15,44.81000518798828,12.449999809265137,60.85487365722656,92.74920654296875,19.511817932128906,184.32000732421875,1079.22998046875,326.1300048828125
2018-05-16,45.22821044921875,12.819999694824219,60.96638870239258,92.9885025024414,19.68001937866211,183.1999969482422,1081.77001953125,328.19000244140625
2018-05-17,44.942195892333984,12.819999694824219,61.387691497802734,92.06004333496094,19.741987228393555,183.75999450683594,1078.5899658203125,325.2200012207031
2018-05-18,44.77876663208008,13.0,60.94904327392578,92.23234558105469,19.600343704223633,182.67999267578125,1066.3599853515625,324.17999267578125
2018-05-21,45.09601593017578,12.989999771118164,60.52775192260742,93.41923522949219,19.556081771850586,184.49000549316406,1079.5799560546875,331.82000732421875
2018-05-22,44.98305892944336,12.979999542236328,60.1461067199707,93.32349395751953,19.53837013244629,183.8000030517578,1069.72998046875,331.6199951171875
2018-05-23,45.27146530151367,13.100000381469727,61.38349533081055,94.43382263183594,19.38787269592285,186.89999389648438,1079.68994140625,344.7200012207031
2018-05-24,45.22099304199219,13.40999984741211,61.42068862915039,94.09880065917969,19.40558433532715,185.92999267578125,1079.239990234375,349.2900085449219
2018-05-25,45.32434844970703,13.539999961853027,61.81496810913086,94.14667510986328,19.396728515625,184.9199981689453,1075.6600341796875,351.2900085449219
2018-05-29,45.160911560058594,13.359999656677246,61.64385986328125,93.81166076660156,18.85669708251953,185.74000549316406,1060.3199462890625,349.7300109863281
2018-05-30,45.06478500366211,13.819999694824219,62.734954833984375,94.71138000488281,19.61804962158203,187.6699981689453,1067.800048828125,353.5400085449219
2018-05-31,44.91334915161133,13.729999542236328,62.53657531738281,94.60610961914062,19.502967834472656,191.77999877929688,1084.989990234375,351.6000061035156
2018-06-01,45.72331619262695,14.399999618530273,63.8830680847168,96.47257995605469,20.07840347290039,193.99000549316406,1119.5,359.92999267578125
2018-06-04,46.105472564697266,14.850000381469727,65.6759262084961,97.31488037109375,20.131519317626953,193.27999877929688,1139.2900390625,361.80999755859375
2018-06-05,46.461181640625,14.850000381469727,65.73048400878906,97.81261444091797,20.733518600463867,192.94000244140625,1139.6600341796875,365.79998779296875
2018-06-06,46.622215270996094,15.670000076293945,65.75032806396484,98.09976959228516,20.813196182250977,191.33999633789062,1136.8800048828125,367.45001220703125
2018-06-07,46.497230529785156,14.890000343322754,65.19237518310547,96.55872344970703,20.848608016967773,188.17999267578125,1123.8599853515625,361.3999938964844
2018-06-08,46.07422637939453,15.25,65.03862762451172,97.2765884399414,20.990251541137695,189.10000610351562,1120.8699951171875,360.57000732421875
2018-06-11,45.96126174926758,15.729999542236328,64.62699890136719,96.72145080566406,21.25583839416504,191.5399932861328,1129.989990234375,361.45001220703125
2018-06-12,46.213619232177734,15.850000381469727,65.11302947998047,96.9703140258789,21.03234100341797,192.39999389648438,1139.3199462890625,363.8299865722656
2018-06-13,45.83388137817383,16.31999969482422,65.0683822631836,96.53001403808594,20.961101531982422,192.41000366210938,1134.7900390625,379.92999267578125
2018-06-14,45.8579216003418,16.25,66.18675994873047,97.07559967041016,21.192617416381836,196.80999755859375,1152.1199951171875,392.8699951171875
2018-06-15,45.386837005615234,16.34000015258789,65.77759552001953,95.84085845947266,21.00562858581543,195.85000610351562,1152.260009765625,391.9800109863281
2018-06-18,45.36280059814453,17.110000610351562,65.73542022705078,96.53959655761719,21.059051513671875,198.30999755859375,1173.4599609375,390.3999938964844
2018-06-19,44.629756927490234,16.690000534057617,64.51541900634766,96.53959655761719,20.943294525146484,197.49000549316406,1168.06005859375,404.9800109863281
2018-06-20,44.824432373046875,16.520000457763672,65.04606628417969,97.50631713867188,20.747390747070312,202.0,1169.8399658203125,416.760009765625
2018-06-21,44.5744743347168,15.649999618530273,63.7566032409668,96.80760192871094,20.92548370361328,201.5,1157.6600341796875,415.44000244140625
2018-06-22,44.44468307495117,15.800000190734863,62.229087829589844,96.10887145996094,21.192617416381836,201.74000549316406,1155.47998046875,411.0899963378906
2018-06-25,43.78373336791992,15.109999656677246,59.295555114746094,94.17538452148438,20.56039810180664,196.35000610351562,1124.81005859375,384.4800109863281
2018-06-26,44.326904296875,15.5,60.007240295410156,94.83584594726562,20.524782180786133,199.0,1118.4599609375,399.3900146484375
2018-06-27,44.26201629638672,14.970000267028809,58.45243835449219,93.36178588867188,20.311079025268555,195.83999633789062,1103.97998046875,390.3900146484375
2018-06-28,44.58408737182617,15.3100004196167,59.72703170776367,94.40511322021484,20.18641471862793,196.22999572753906,1114.219970703125,395.4200134277344
2018-06-29,44.49034881591797,14.989999771118164,58.74504852294922,94.38597106933594,20.2042236328125,194.32000732421875,1115.6500244140625,391.42999267578125
2018-07-02,44.987857818603516,15.15999984741211,60.069236755371094,95.72599792480469,20.355600357055664,197.36000061035156,1127.4599609375,398.17999267578125
2018-07-03,44.204341888427734,15.0,58.73017501831055,94.80711364746094,20.11517906188965,192.72999572753906,1102.8900146484375,390.5199890136719
2018-07-05,44.56005096435547,15.5,60.19073486328125,95.4867172241211,20.257652282714844,198.4499969482422,1124.27001953125,398.3900146484375
2018-07-06,45.177738189697266,16.360000610351562,61.331417083740234,96.82673645019531,20.489164352416992,203.22999572753906,1140.1700439453125,408.25
2018-07-09,45.80503845214844,16.610000610351562,61.807533264160156,97.4871826171875,20.809724807739258,204.74000549316406,1154.050048828125,418.9700012207031
2018-07-10,45.749759674072266,16.549999237060547,62.79943084716797,97.74559783935547,21.254953384399414,203.5399932861328,1152.8399658203125,415.6300048828125
2018-07-11,45.156105041503906,16.270000457763672,61.38102340698242,97.61161041259766,20.533687591552734,202.5399932861328,1153.9000244140625,418.6499938964844
2018-07-12,45.91319274902344,16.559999465942383,62.298519134521484,99.7269287109375,20.95220184326172,206.9199981689453,1183.47998046875,413.5
2018-07-13,45.98529815673828,16.270000457763672,61.824893951416016,100.91382598876953,21.112478256225586,207.32000732421875,1188.8199462890625,395.79998779296875
2018-07-16,45.88435363769531,16.579999923706055,61.54715347290039,100.41609954833984,20.987815856933594,207.22999572753906,1183.8599853515625,400.4800109863281
2018-07-17,46.01414108276367,16.8700008392334,62.908531188964844,101.41152954101562,21.00562858581543,209.99000549316406,1198.800048828125,379.4800109863281
2018-07-18,45.761775970458984,16.850000381469727,62.41506576538086,100.61711120605469,20.95220184326172,209.36000061035156,1195.8800048828125,375.1300048828125
2018-07-19,46.11748504638672,16.709999084472656,62.49689865112305,99.92794036865234,20.649446487426758,208.08999633789062,1186.9599609375,364.2300109863281
2018-07-20,46.01173782348633,16.5,62.214210510253906,101.71782684326172,20.42683219909668,209.94000244140625,1184.9100341796875,361.04998779296875
2018-07-23,46.05258560180664,16.65999984741211,61.84720993041992,103.34502410888672,20.515880584716797,210.91000366210938,1205.5,362.6600036621094
2018-07-24,46.38667297363281,16.190000534057617,61.673622131347656,103.04830169677734,20.471359252929688,214.6699981689453,1248.0799560546875,357.32000732421875
2018-07-25,46.824100494384766,16.049999237060547,62.45722961425781,106.08251953125,20.738492965698242,217.5,1263.699951171875,362.8699951171875
2018-07-26,46.677490234375,18.350000381469727,63.19370651245117,104.92435455322266,20.880962371826172,176.25999450683594,1268.3299560546875,363.0899963378906
2018-07-27,45.90117645263672,18.940000534057617,62.494415283203125,103.06745147705078,20.685062408447266,174.88999938964844,1238.5,355.2099914550781
2018-07-30,45.64400863647461,19.420000076293945,60.53790283203125,100.85639953613281,20.569305419921875,171.05999755859375,1219.739990234375,334.9599914550781
2018-07-31,45.73533630371094,18.329999923706055,60.71892547607422,101.5359878540039,20.551496505737305,172.5800018310547,1217.260009765625,337.45001220703125
2018-08-01,48.42960739135742,18.479999542236328,61.11815643310547,101.72740936279297,20.489164352416992,171.64999389648438,1220.010009765625,338.3800048828125
2018-08-02,49.845245361328125,18.790000915527344,62.14725112915039,102.96215057373047,20.667253494262695,176.3699951171875,1226.1500244140625,344.5
2018-08-03,49.98945617675781,18.489999771118164,62.514251708984375,103.41203308105469,20.783010482788086,177.77999877929688,1223.7099609375,343.0899963378906
2018-08-06,50.2490348815918,19.43000030517578,62.99284362792969,103.49815368652344,21.139190673828125,185.69000244140625,1224.77001953125,350.9200134277344
2018-08-07,49.77794647216797,19.559999465942383,63.716922760009766,104.21602630615234,21.361799240112305,183.80999755859375,1242.219970703125,351.8299865722656
2018-08-08,49.81159210205078,19.579999923706055,64.08146667480469,104.79991149902344,21.4953670501709,185.17999267578125,1245.6099853515625,347.6099853515625
2018-08-09,50.20336151123047,19.100000381469727,63.59542465209961,104.9721908569336,21.441944122314453,183.08999633789062,1249.0999755859375,349.3599853515625
2018-08-10,50.0538215637207,19.059999465942383,63.18130111694336,104.33089447021484,21.361799240112305,180.25999450683594,1237.6099853515625,345.8699951171875
2018-08-13,50.377017974853516,19.729999542236328,63.511104583740234,103.57475280761719,21.192617416381836,180.0500030517578,1235.010009765625,341.30999755859375
2018-08-14,50.58926773071289,20.020000457763672,64.82784271240234,104.86691284179688,21.5042724609375,181.11000061035156,1242.0999755859375,337.489990234375
2018-08-15,50.70745086669922,19.700000762939453,64.2451171875,103.44485473632812,21.397418975830078,179.52999877929688,1214.3800048828125,326.3999938964844
2018-08-16,51.45030212402344,19.329999923706055,63.83843231201172,103.4256362915039,21.4953670501709,174.6999969482422,1206.489990234375,322.44000244140625
2018-08-17,52.4777717590332,19.770000457763672,60.70900344848633,103.36799621582031,21.851547241210938,173.8000030517578,1200.9599609375,316.7799987792969
2018-08-20,51.966453552246094,19.979999542236328,61.457881927490234,102.685791015625,21.851547241210938,172.5,1207.77001953125,327.7300109863281
2018-08-21,51.86514663696289,20.399999618530273,62.81678771972656,101.83062744140625,21.807025909423828,172.6199951171875,1201.6199951171875,338.0199890136719
2018-08-22,51.86756134033203,20.899999618530273,65.17253112792969,102.86833953857422,21.807025909423828,173.63999938964844,1207.3299560546875,344.44000244140625
2018-08-23,51.97368621826172,22.290000915527344,66.16938781738281,103.34878540039062,21.93168830871582,172.89999389648438,1205.3800048828125,339.1700134277344
2018-08-24,52.13528060913086,23.979999542236328,67.50349426269531,104.15589141845703,21.5042724609375,174.64999389648438,1220.6500244140625,358.82000732421875
2018-08-27,52.56459426879883,25.260000228881836,68.41603088378906,105.30890655517578,21.664554595947266,177.4600067138672,1241.8199462890625,364.5799865722656
2018-08-28,52.98908996582031,25.049999237060547,68.03910064697266,105.94306182861328,21.807025909423828,176.25999450683594,1231.1500244140625,368.489990234375
2018-08-29,53.780189514160156,25.200000762939453,69.09606170654297,107.63414764404297,22.332395553588867,175.89999389648438,1249.300048828125,368.0400085449219
2018-08-30,54.27462387084961,24.889999389648438,68.92735290527344,107.56688690185547,22.020729064941406,177.63999938964844,1239.1199951171875,370.9800109863281
2018-08-31,54.90171813964844,25.170000076293945,69.63941955566406,107.93202209472656,21.94949722290039,175.72999572753906,1218.18994140625,367.67999267578125
2018-09-04,55.07777404785156,28.059999465942383,70.38871765136719,107.33629608154297,22.09196662902832,171.16000366210938,1197.0,363.6000061035156
2018-09-05,54.71841049194336,28.510000228881836,69.07868957519531,104.24234771728516,21.976211547851562,167.17999267578125,1186.47998046875,341.17999267578125
2018-09-06,53.80913543701172,27.84000015258789,67.66446685791016,104.4825439453125,21.976211547851562,162.52999877929688,1171.43994140625,346.4599914550781
2018-09-07,53.37499237060547,27.3799991607666,67.45108795166016,103.97333526611328,22.00292205810547,163.0399932861328,1164.8299560546875,348.67999267578125
2018-09-10,52.65866470336914,29.889999389648438,68.16316986083984,105.0975112915039,21.94949722290039,164.17999267578125,1164.6400146484375,348.4100036621094
2018-09-11,53.99002456665039,30.100000381469727,67.684326171875,106.88470458984375,22.1008358001709,165.94000244140625,1177.3599853515625,355.92999267578125
2018-09-12,53.31951904296875,32.209999084472656,66.54301452636719,107.33629608154297,22.029197692871094,162.0,1162.8199462890625,369.95001220703125
2018-09-13,54.60746383666992,30.479999542236328,67.32208251953125,108.48929595947266,22.396350860595703,161.36000061035156,1175.3299560546875,368.1499938964844
2018-09-14,53.98760223388672,32.720001220703125,68.58494567871094,108.9312973022461,22.423215866088867,162.32000732421875,1172.530029296875,364.55999755859375
2018-09-17,52.55012893676758,32.43000030517578,67.96468353271484,107.74944305419922,22.396350860595703,160.5800018310547,1156.050048828125,350.3500061035156
2018-09-18,52.63695526123047,31.93000030517578,67.24268341064453,108.77757263183594,22.530672073364258,160.3000030517578,1161.219970703125,367.6499938964844
2018-09-19,52.66831588745117,31.209999084472656,67.48088073730469,107.32667541503906,22.62022590637207,163.05999755859375,1171.0899658203125,366.9599914550781
2018-09-20,53.068668365478516,31.18000030517578,66.066650390625,109.12345886230469,23.005285263061523,166.02000427246094,1186.8699951171875,365.3599853515625
2018-09-21,52.49706268310547,31.020000457763672,65.364501953125,109.78644561767578,23.130659103393555,162.92999267578125,1166.0899658203125,361.19000244140625
2018-09-24,53.25197982788086,32.61000061035156,65.92274475097656,110.18038940429688,23.16647720336914,165.41000366210938,1173.3699951171875,369.6099853515625
2018-09-25,53.58964538574219,32.56999969482422,66.5951156616211,109.96900177001953,22.888866424560547,164.91000366210938,1184.6500244140625,369.42999267578125
2018-09-26,53.162750244140625,32.189998626708984,66.22542572021484,109.51741027832031,23.25602149963379,166.9499969482422,1180.489990234375,377.8800048828125
2018-09-27,54.25532150268555,32.59000015258789,66.34452819824219,109.93058013916016,22.95155906677246,168.83999633789062,1194.6400146484375,380.7099914550781
2018-09-28,54.445865631103516,30.889999389648438,69.7237777709961,109.89214324951172,23.07692527770996,164.4600067138672,1193.469970703125,374.1300048828125
2018-10-01,54.812477111816406,31.420000076293945,71.79301452636719,111.0835952758789,22.9246883392334,162.44000244140625,1195.31005859375,381.42999267578125
2018-10-02,55.299678802490234,29.020000457763672,71.07847595214844,110.6416015625,23.354530334472656,159.3300018310547,1200.1099853515625,377.1400146484375
2018-10-03,55.97259521484375,28.43000030517578,71.14048767089844,110.66082000732422,23.336618423461914,162.42999267578125,1202.949951171875,377.04998779296875
2018-10-04,54.98854064941406,27.780000686645508,69.2945556640625,108.37400817871094,23.659000396728516,158.85000610351562,1168.18994140625,363.6499938964844
2018-10-05,54.09614944458008,27.350000381469727,66.95487213134766,107.7398452758789,22.69186019897461,157.3300018310547,1157.3499755859375,351.3500061035156
2018-10-08,53.97072982788086,26.459999084472656,65.94010925292969,106.50995635986328,22.396350860595703,157.25,1148.969970703125,349.1000061035156
2018-10-09,54.71841049194336,27.239999771118164,65.88304138183594,107.8647689819336,22.36052894592285,157.89999389648438,1138.8199462890625,355.7099914550781
2018-10-10,52.18352127075195,25.0,60.95806884765625,102.00359344482422,21.7247257232666,151.3800048828125,1081.219970703125,325.8900146484375
2018-10-11,51.72284698486328,25.299999237060547,58.3380241394043,101.76338958740234,20.605358123779297,153.35000610351562,1079.3199462890625,321.1000061035156
2018-10-12,53.570350646972656,26.34000015258789,61.1689567565918,105.28008270263672,21.196380615234375,153.74000549316406,1110.0799560546875,339.55999755859375
2018-10-15,52.424705505371094,26.260000228881836,58.400054931640625,103.38721466064453,21.097881317138672,153.52000427246094,1092.25,333.1300048828125
2018-10-16,53.58000183105469,28.18000030517578,60.992794036865234,106.65409851074219,21.456079483032227,158.77999877929688,1121.280029296875,346.3999938964844
2018-10-17,53.34845733642578,27.299999237060547,60.3055419921875,106.37544250488281,21.375484466552734,159.4199981689453,1115.68994140625,364.70001220703125
2018-10-18,52.10151672363281,26.6200008392334,59.42971420288086,104.2519760131836,21.28593635559082,154.9199981689453,1087.969970703125,346.7099914550781
2018-10-19,52.89502716064453,23.65999984741211,56.85930252075195,104.40570068359375,21.348621368408203,154.0500030517578,1096.4599609375,332.6700134277344
2018-10-22,53.21821594238281,25.030000686645508,57.367919921875,105.33772277832031,21.590402603149414,154.77999877929688,1101.1600341796875,329.5400085449219
2018-10-23,53.719886779785156,25.09000015258789,54.84712600708008,103.86763000488281,21.438169479370117,154.38999938964844,1103.68994140625,333.1600036621094
2018-10-24,51.87720489501953,22.790000915527344,49.475547790527344,98.3139419555664,20.65013313293457,146.0399932861328,1050.7099609375,301.8299865722656
2018-10-25,53.013206481933594,19.270000457763672,51.56711196899414,104.05979919433594,21.30384635925293,150.9499969482422,1095.5699462890625,312.8699951171875
2018-10-26,52.16904067993164,17.6299991607666,49.197654724121094,102.77226257324219,20.712818145751953,145.3699951171875,1071.469970703125,299.8299865722656
2018-10-29,51.18982696533203,16.850000381469727,46.054115295410156,99.78401947021484,20.61431121826172,142.08999633789062,1020.0800170898438,284.8399963378906
2018-10-30,51.44548797607422,17.200000762939453,50.36626434326172,99.66873931884766,21.196380615234375,146.22000122070312,1036.2099609375,285.80999755859375
2018-10-31,52.7864875793457,18.209999084472656,52.30896759033203,102.62814331054688,21.617271423339844,151.7899932861328,1076.77001953125,301.7799987792969
2018-11-01,53.596885681152344,20.219999313354492,54.115196228027344,101.77297973632812,21.930692672729492,151.75,1070.0,317.3800048828125
2018-11-02,50.04176330566406,20.229999542236328,53.32373046875,102.00359344482422,22.056060791015625,150.35000610351562,1057.7900390625,309.1000061035156
2018-11-05,48.62116622924805,19.899999618530273,52.542198181152344,103.30074310302734,22.065013885498047,148.67999267578125,1040.0899658203125,315.44000244140625
2018-11-06,49.14695358276367,20.68000030517578,52.366031646728516,103.50251007080078,22.27993392944336,149.94000244140625,1055.81005859375,310.8399963378906
2018-11-07,50.637508392333984,21.84000015258789,53.043365478515625,107.57650756835938,22.808277130126953,151.52999877929688,1093.3900146484375,327.5
2018-11-08,50.460819244384766,21.200000762939453,51.10811996459961,107.3747329711914,22.83514404296875,147.8699951171875,1082.4000244140625,317.9200134277344
2018-11-09,49.487857818603516,21.030000686645508,51.02872085571289,105.28008270263672,22.387393951416016,144.9600067138672,1066.1500244140625,303.4700012207031
2018-11-12,46.994956970214844,19.030000686645508,47.02670669555664,102.685791015625,21.482942581176758,141.5500030517578,1038.6300048828125,294.07000732421875
2018-11-13,46.525413513183594,19.610000610351562,49.450740814208984,102.75304412841797,21.447124481201172,142.16000366210938,1036.050048828125,294.3999938964844
2018-11-14,45.21118927001953,20.809999465942383,48.92474365234375,101.29590606689453,21.250118255615234,144.22000122070312,1043.6600341796875,286.7300109863281
2018-11-15,46.32695388793945,21.489999771118164,50.21491622924805,103.52503967285156,21.644132614135742,143.85000610351562,1064.7099609375,290.05999755859375
2018-11-16,46.84005355834961,20.65999984741211,40.79667282104492,104.49971771240234,21.63517951965332,139.52999877929688,1061.489990234375,286.2099914550781
2018-11-19,44.983680725097656,19.110000610351562,35.901466369628906,100.9581527709961,21.088926315307617,131.5500030517578,1020.0,270.6000061035156
2018-11-20,42.83445739746094,19.209999084472656,36.98818588256836,98.15000915527344,20.24715805053711,132.42999267578125,1025.760009765625,266.9800109863281
2018-11-21,42.786048889160156,18.729999542236328,35.9039421081543,99.50099182128906,20.291934967041016,134.82000732421875,1037.6099853515625,262.1300048828125
2018-11-23,41.6993408203125,19.3799991607666,35.97590637207031,99.46240234375,20.157608032226562,131.72999572753906,1023.8800048828125,258.82000732421875
2018-11-26,42.26327133178711,20.079999923706055,37.97317886352539,102.7433853149414,20.426258087158203,136.3800048828125,1048.6199951171875,261.42999267578125
2018-11-27,42.17129135131836,21.049999237060547,38.141902923583984,103.38993835449219,20.354618072509766,135.0,1044.4100341796875,266.6300048828125
2018-11-28,43.79290008544922,21.34000015258789,39.71491622924805,107.23064422607422,20.981464385986328,136.75999450683594,1086.22998046875,282.6499938964844
2018-11-29,43.456478118896484,21.43000030517578,39.08160400390625,106.33319854736328,20.47103500366211,138.67999267578125,1088.300048828125,288.75
2018-11-30,43.22170639038086,21.299999237060547,40.58913803100586,107.0086898803711,20.596403121948242,140.61000061035156,1094.4300537109375,286.1300048828125
2018-12-03,44.73196792602539,23.709999084472656,42.23078155517578,108.16668701171875,21.447124481201172,141.08999633789062,1106.4300537109375,290.29998779296875
2018-12-04,42.7642707824707,21.1200008392334,39.01951217651367,104.72163391113281,20.81131935119629,137.92999267578125,1050.8199462890625,275.3299865722656
2018-12-06,42.28746795654297,21.299999237060547,39.31257247924805,105.36820220947266,21.509809494018555,139.6300048828125,1068.72998046875,282.8800048828125
2018-12-07,40.779624938964844,19.459999084472656,36.66011428833008,101.15115356445312,20.53371810913086,137.4199981689453,1036.5799560546875,265.1400146484375
2018-12-10,41.04828643798828,19.989999771118164,37.71562957763672,103.82418823242188,20.53371810913086,141.85000610351562,1039.550048828125,269.70001220703125
2018-12-11,40.813514709472656,19.979999542236328,36.80416488647461,104.78919219970703,20.193424224853516,142.0800018310547,1051.75,265.32000732421875
2018-12-12,40.92726516723633,20.479999542236328,36.980499267578125,105.2620620727539,20.337732315063477,144.5,1063.6800537109375,274.8800048828125
2018-12-13,41.37501907348633,19.860000610351562,36.97800827026367,105.61908721923828,20.103240966796875,145.00999450683594,1061.9000244140625,276.0199890136719
2018-12-14,40.051109313964844,19.899999618530273,36.37202072143555,102.31879425048828,19.8507137298584,144.05999755859375,1042.0999755859375,266.8399963378906
2018-12-17,39.67838668823242,18.829999923706055,35.65922927856445,99.2886962890625,19.318592071533203,140.19000244140625,1016.530029296875,262.79998779296875
2018-12-18,40.19390869140625,19.5,36.49372100830078,100.33089447021484,19.309574127197266,143.66000366210938,1028.7099609375,270.94000244140625
2018-12-19,38.940185546875,18.15999984741211,34.400054931640625,100.06070709228516,18.53394317626953,133.24000549316406,1023.010009765625,266.7699890136719
2018-12-20,37.95754623413086,17.940000534057617,33.553157806396484,97.95700073242188,18.10103416442871,133.39999389648438,1009.4099731445312,260.5799865722656
2018-12-21,36.48117446899414,16.93000030517578,32.17973709106445,94.79180908203125,17.722238540649414,124.94999694824219,979.5399780273438,246.38999938964844
2018-12-24,35.537254333496094,16.649999618530273,31.561323165893555,90.8353271484375,17.47872543334961,124.05999755859375,976.219970703125,233.8800048828125
2018-12-26,38.03984832763672,17.899999618530273,33.05643844604492,97.04024505615234,18.335525512695312,134.17999267578125,1039.4599609375,253.6699981689453
2018-12-27,37.792972564697266,17.489999771118164,32.57709884643555,97.63856506347656,18.380619049072266,134.52000427246094,1043.8800048828125,255.57000732421875
2018-12-28,37.81233596801758,17.81999969482422,33.19304275512695,96.87622833251953,18.34454917907715,133.1999969482422,1037.0799560546875,256.0799865722656
2018-12-31,38.17779541015625,18.459999084472656,33.155784606933594,98.01490783691406,18.452770233154297,131.08999633789062,1035.6099853515625,267.6600036621094
2019-01-02,38.22135925292969,18.829999923706055,33.83131408691406,97.58067321777344,18.606094360351562,135.67999267578125,1045.8499755859375,267.6600036621094
2019-01-03,34.41423416137695,17.049999237060547,31.787328720092773,93.99085998535156,17.97476577758789,131.74000549316406,1016.0599975585938,271.20001220703125
2019-01-04,35.88335418701172,19.0,33.8238639831543,98.36231231689453,18.68726348876953,137.9499969482422,1070.7099609375,297.57000732421875
2019-01-07,35.80349349975586,20.56999969482422,35.61452865600586,98.48775482177734,18.89470672607422,138.0500030517578,1068.3900146484375,315.3399963378906
2019-01-08,36.48601531982422,20.75,34.72789001464844,99.20185852050781,19.129192352294922,142.52999877929688,1076.280029296875,320.2699890136719
2019-01-09,37.10560989379883,20.190000534057617,35.41087341308594,100.6203842163086,19.129192352294922,144.22999572753906,1074.6600341796875,319.9599914550781
2019-01-10,37.22420883178711,19.739999771118164,36.06902313232422,99.97383880615234,19.36368751525879,144.1999969482422,1070.3299560546875,324.6600036621094
2019-01-11,36.858741760253906,20.270000457763672,36.963104248046875,99.20185852050781,19.093116760253906,143.8000030517578,1057.18994140625,337.5899963378906
2019-01-14,36.30449295043945,20.229999542236328,37.362972259521484,98.47811889648438,18.750398635864258,145.38999938964844,1044.68994140625,332.94000244140625
2019-01-15,37.047523498535156,20.3799991607666,37.221397399902344,101.33450317382812,18.948814392089844,148.9499969482422,1077.1500244140625,354.6400146484375
2019-01-16,37.500118255615234,19.729999542236328,36.96559524536133,101.69153594970703,18.984893798828125,147.5399932861328,1080.969970703125,351.3900146484375
2019-01-17,37.722782135009766,20.25,37.68086242675781,102.40564727783203,19.147233963012695,148.3000030517578,1089.9000244140625,353.19000244140625
2019-01-18,37.955135345458984,20.770000457763672,38.97480773925781,103.93999481201172,19.616214752197266,150.0399932861328,1098.260009765625,339.1000061035156
2019-01-22,37.103187561035156,19.760000228881836,36.948211669921875,101.98104858398438,19.228403091430664,147.57000732421875,1070.52001953125,325.1600036621094
2019-01-23,37.25324630737305,19.799999237060547,37.07734680175781,102.9749984741211,19.336633682250977,144.3000030517578,1075.5699462890625,321.989990234375
2019-01-24,36.95796203613281,20.850000381469727,39.20081329345703,102.48284149169922,19.634254455566406,145.8300018310547,1073.9000244140625,326.6700134277344
2019-01-25,38.182640075683594,21.93000030517578,39.77452087402344,103.41889190673828,19.9318790435791,149.00999450683594,1090.989990234375,338.04998779296875
2019-01-28,37.82927703857422,20.18000030517578,34.27588653564453,101.40204620361328,19.823652267456055,147.47000122070312,1070.0799560546875,335.6600036621094
2019-01-29,37.437191009521484,19.25,32.683895111083984,99.33695220947266,19.733461380004883,144.19000244140625,1060.6199951171875,328.8999938964844
2019-01-30,39.995445251464844,23.09000015258789,34.12190246582031,102.65654754638672,20.022069931030273,150.4199981689453,1089.06005859375,340.6600036621094
2019-01-31,40.28346252441406,24.40999984741211,35.701446533203125,100.77479553222656,19.86874771118164,166.69000244140625,1116.3699951171875,339.5
2019-02-01,40.30282211303711,24.510000228881836,35.944847106933594,99.18254852294922,20.076181411743164,165.7100067138672,1110.75,339.8500061035156
2019-02-04,41.4476203918457,24.1299991607666,37.05004119873047,102.0389404296875,20.337732315063477,169.25,1132.800048828125,351.3399963378906
2019-02-05,42.15677261352539,23.309999465942383,37.24127197265625,103.46714782714844,20.56320571899414,171.16000366210938,1145.989990234375,355.80999755859375
2019-02-06,42.17129135131836,23.260000228881836,37.99876022338867,102.31879425048828,20.806718826293945,170.49000549316406,1115.22998046875,352.19000244140625
2019-02-07,41.37260055541992,22.670000076293945,36.612918853759766,101.58539581298828,20.617321014404297,166.3800048828125,1098.7099609375,344.7099914550781
2019-02-08,41.421207427978516,23.049999237060547,36.799198150634766,101.97138214111328,20.671430587768555,167.3300018310547,1095.06005859375,347.57000732421875
2019-02-11,41.18300247192383,22.959999084472656,36.37202072143555,101.56610107421875,20.617321014404297,165.7899932861328,1095.010009765625,345.7300109863281
2019-02-12,41.537879943847656,22.81999969482422,37.54426956176758,103.1487045288086,21.05925178527832,165.0399932861328,1121.3699951171875,359.9700012207031
2019-02-13,41.36530685424805,22.850000381469727,37.96895980834961,103.07150268554688,21.032190322875977,164.07000732421875,1120.1600341796875,351.7699890136719
2019-02-14,41.51600646972656,23.1299991607666,38.378746032714844,103.1583480834961,20.951025009155273,163.9499969482422,1121.6700439453125,359.07000732421875
2019-02-15,41.42363357543945,23.68000030517578,39.076637268066406,104.4321517944336,20.996118545532227,162.5,1113.6500244140625,356.8699951171875
2019-02-19,41.547603607177734,23.950000762939453,38.90279006958008,104.38389587402344,20.969058990478516,162.2899932861328,1118.56005859375,361.9200134277344
2019-02-20,41.814979553222656,23.950000762939453,39.37715148925781,103.84119415283203,21.0863037109375,162.55999755859375,1113.800048828125,359.9100036621094
2019-02-21,41.57919692993164,23.920000076293945,38.68671798706055,106.03141784667969,21.095321655273438,160.0399932861328,1096.969970703125,356.9700012207031
2019-02-22,42.04346466064453,24.360000610351562,39.53610610961914,107.5432357788086,21.410987854003906,161.88999938964844,1110.3699951171875,363.0199890136719
2019-02-25,42.34972381591797,24.709999084472656,39.41191864013672,108.14407348632812,21.564311981201172,164.6199951171875,1109.4000244140625,363.9100036621094
2019-02-26,42.3740348815918,24.209999084472656,39.01702880859375,108.89030456542969,21.5552921295166,164.1300048828125,1115.1300048828125,364.9700012207031
2019-02-27,42.50529479980469,23.479999542236328,38.59730529785156,108.7061767578125,21.510194778442383,162.80999755859375,1116.050048828125,362.8699951171875
2019-02-28,42.08721923828125,23.530000686645508,38.35118103027344,108.57049560546875,17.794389724731445,161.4499969482422,1119.9200439453125,358.1000061035156
2019-03-01,42.52960205078125,23.68000030517578,38.89564514160156,109.05503845214844,17.677143096923828,162.27999877929688,1140.989990234375,357.32000732421875
2019-03-04,42.74350357055664,23.3700008392334,38.977684020996094,108.79338836669922,17.614011764526367,167.3699951171875,1147.800048828125,351.0400085449219
2019-03-05,42.66571807861328,23.5,38.91304397583008,108.25067138671875,17.4606876373291,171.25999450683594,1162.030029296875,354.29998779296875
2019-03-06,42.42021560668945,22.40999984741211,37.80175018310547,108.29914093017578,17.208158493041992,172.50999450683594,1157.8599853515625,359.6099853515625
2019-03-07,41.929222106933594,22.079999923706055,37.10810852050781,106.98112487792969,16.973663330078125,169.1300048828125,1143.300048828125,352.6000061035156
2019-03-08,42.02888107299805,22.010000228881836,37.451202392578125,107.09742736816406,16.90151023864746,169.60000610351562,1142.3199462890625,349.6000061035156
2019-03-11,43.48484802246094,22.959999084472656,40.06163787841797,109.34578704833984,17.172082901000977,172.07000732421875,1175.760009765625,358.8599853515625
2019-03-12,43.973426818847656,23.489999771118164,40.40473175048828,110.11140441894531,17.335796356201172,171.9199981689453,1193.199951171875,356.2699890136719
2019-03-13,44.16788101196289,23.3799991607666,41.92127990722656,110.96422576904297,17.836044311523438,173.3699951171875,1193.3199462890625,361.2099914550781
2019-03-14,44.658870697021484,22.81999969482422,41.160518646240234,111.05142974853516,17.86332893371582,170.1699981689453,1185.550048828125,358.82000732421875
2019-03-15,45.23980712890625,23.290000915527344,42.21712875366211,112.33068084716797,18.136194229125977,165.97999572753906,1184.4599609375,361.4599914550781
2019-03-18,45.701637268066406,23.25,42.003318786621094,113.93940734863281,18.145288467407227,160.47000122070312,1184.260009765625,363.44000244140625
2019-03-19,45.3394660949707,26.0,43.68395233154297,114.0169448852539,18.190765380859375,161.57000732421875,1198.8499755859375,358.7799987792969
2019-03-20,45.73566818237305,25.700000762939453,43.35826110839844,113.89095306396484,18.18166732788086,165.44000244140625,1223.969970703125,375.2200012207031
2019-03-21,47.42012023925781,27.889999389648438,45.730045318603516,116.5075912475586,18.3908634185791,166.0800018310547,1231.5400390625,377.8699951171875
2019-03-22,46.43812561035156,26.3700008392334,44.128963470458984,113.43546295166016,17.590471267700195,164.33999633789062,1205.5,361.010009765625
2019-03-25,45.87664794921875,25.969999313354492,43.204124450683594,114.02664184570312,17.253938674926758,166.2899932861328,1193.0,366.2300109863281
2019-03-26,45.40266036987305,25.690000534057617,43.97233581542969,114.26891326904297,17.399463653564453,167.67999267578125,1184.6199951171875,359.9700012207031
2019-03-27,45.81101608276367,24.889999389648438,43.88035583496094,113.16410827636719,17.217557907104492,165.8699951171875,1173.02001953125,353.3699951171875
2019-03-28,45.871788024902344,25.059999465942383,44.06681442260742,113.31916046142578,17.281225204467773,165.5500030517578,1168.489990234375,354.6099853515625
2019-03-29,46.1707649230957,25.520000457763672,44.64111328125,114.29798889160156,17.672327041625977,166.69000244140625,1173.31005859375,356.55999755859375
2019-04-01,46.484317779541016,26.360000610351562,45.31733703613281,115.34464263916016,18.236242294311523,168.6999969482422,1194.4300537109375,366.9599914550781
2019-04-02,47.160037994384766,26.75,45.496337890625,115.50939178466797,17.936094284057617,174.1999969482422,1200.489990234375,367.7200012207031
2019-04-03,47.48332595825195,29.020000457763672,46.893550872802734,116.26529693603516,17.96337890625,173.5399932861328,1205.9200439453125,369.75
2019-04-04,47.56596374511719,29.09000015258789,46.804054260253906,115.67414855957031,17.972475051879883,176.02000427246094,1215.0,367.8800048828125
2019-04-05,47.88439178466797,28.979999542236328,47.47282791137695,116.18777465820312,17.9997615814209,175.72000122070312,1207.1500244140625,365.489990234375
2019-04-08,48.63789367675781,28.530000686645508,47.68165588378906,116.2265396118164,18.136194229125977,174.92999267578125,1203.8399658203125,361.4100036621094
2019-04-09,48.4920539855957,27.239999771118164,47.05265426635742,115.59661102294922,17.817852020263672,177.5800018310547,1197.25,364.7099914550781
2019-04-10,48.764286041259766,27.829999923706055,47.758731842041016,116.478515625,18.16347885131836,177.82000732421875,1202.1600341796875,363.9200134277344
2019-04-11,48.358367919921875,27.790000915527344,47.619503021240234,116.61418151855469,18.136194229125977,177.50999450683594,1204.6199951171875,367.6499938964844
2019-04-12,48.33891677856445,27.850000381469727,47.2391242980957,117.21504974365234,18.381763458251953,179.10000610351562,1217.8699951171875,351.1400146484375
2019-04-15,48.426422119140625,27.329999923706055,45.91898727416992,117.31195068359375,18.37267303466797,179.64999389648438,1221.0999755859375,348.8699951171875
2019-04-16,48.43128204345703,27.93000030517578,46.791622161865234,117.04061126708984,18.70920181274414,178.8699951171875,1227.1300048828125,359.4599914550781
2019-04-17,49.37439727783203,27.489999771118164,46.56289291381836,118.00970458984375,18.645530700683594,178.77999877929688,1236.3399658203125,354.739990234375
2019-04-18,49.55183029174805,27.68000030517578,46.31676483154297,119.56031799316406,18.66372299194336,178.27999877929688,1236.3699951171875,360.3500061035156
2019-04-22,49.71468734741211,28.18000030517578,46.856258392333984,119.93827056884766,18.081619262695312,181.44000244140625,1248.8399658203125,377.3399963378906
2019-04-23,50.43174362182617,27.969999313354492,47.40321350097656,121.56639862060547,18.272624969482422,183.77999877929688,1264.550048828125,381.8900146484375
2019-04-24,50.35395812988281,28.459999084472656,47.52751541137695,121.14967346191406,18.072525024414062,182.5800018310547,1256.0,374.2300109863281
2019-04-25,49.89699172973633,27.65999984741211,46.46841812133789,125.16181945800781,17.826950073242188,193.25999450683594,1263.449951171875,368.3299865722656
2019-04-26,49.65877914428711,27.8799991607666,44.2756462097168,125.87898254394531,17.654136657714844,191.49000549316406,1272.1800537109375,374.8500061035156
2019-04-29,49.73413848876953,27.690000534057617,44.58393096923828,125.7626953125,17.881521224975586,194.77999877929688,1287.5799560546875,371.8299865722656
2019-04-30,48.77644729614258,27.6299991607666,44.999114990234375,126.5670394897461,18.145288467407227,193.39999389648438,1188.47998046875,370.5400085449219
2019-05-01,51.17066192626953,26.809999465942383,44.86735534667969,123.93103790283203,18.127094268798828,193.02999877929688,1168.0799560546875,378.80999755859375
2019-05-02,50.8376579284668,28.290000915527344,45.54357147216797,122.31259155273438,18.227144241333008,192.52999877929688,1162.6099853515625,379.05999755859375
2019-05-03,51.46963882446289,28.219999313354492,45.49882507324219,124.91954040527344,18.454530715942383,195.47000122070312,1185.4000244140625,385.0299987792969
2019-05-06,50.67481231689453,27.420000076293945,44.71321105957031,124.19269561767578,18.272624969482422,193.8800048828125,1189.3900146484375,378.6700134277344
2019-05-07,49.30875778198242,26.65999984741211,43.03755187988281,121.64391326904297,17.836044311523438,189.77000427246094,1174.0999755859375,370.4599914550781
2019-05-08,49.3184928894043,27.09000015258789,43.23892593383789,121.63424682617188,17.763282775878906,189.5399932861328,1166.27001953125,364.3699951171875
2019-05-09,48.788597106933594,27.209999084472656,42.31159973144531,121.6245346069336,17.544992446899414,188.64999389648438,1162.3800048828125,362.75
2019-05-10,48.112709045410156,27.959999084472656,41.97100067138672,123.20419311523438,17.39037322998047,188.33999633789062,1164.27001953125,361.0400085449219
2019-05-13,45.3164176940918,26.239999771118164,39.39286422729492,119.54093170166016,16.617263793945312,181.5399932861328,1132.030029296875,345.260009765625
2019-05-14,46.03379821777344,27.31999969482422,40.28539276123047,120.87831115722656,16.644550323486328,180.72999572753906,1120.43994140625,345.6099853515625
2019-05-15,46.58524703979492,27.579999923706055,39.67380142211914,122.58055114746094,17.03565216064453,186.27000427246094,1164.2099609375,354.989990234375
2019-05-16,46.38028335571289,28.010000228881836,39.82545471191406,125.4111328125,17.226654052734375,186.99000549316406,1178.97998046875,359.30999755859375
2019-05-17,46.11676025390625,27.5,38.91553497314453,124.57461547851562,17.29941749572754,185.3000030517578,1162.300048828125,354.45001220703125
2019-05-20,44.6746940612793,26.68000030517578,37.727149963378906,122.77510070800781,17.244842529296875,182.72000122070312,1138.8499755859375,348.1099853515625
2019-05-21,45.53114318847656,27.350000381469727,38.55006790161133,123.43651580810547,17.68142318725586,184.82000732421875,1149.6300048828125,354.2699890136719
2019-05-22,44.59905242919922,27.40999984741211,37.839027404785156,124.18553161621094,17.463132858276367,185.32000732421875,1151.4200439453125,359.7300109863281
2019-05-23,43.8377571105957,26.360000610351562,36.62580108642578,122.7361831665039,17.454038619995117,180.8699951171875,1140.77001953125,352.2099914550781
2019-05-24,43.66939926147461,26.440000534057617,36.086307525634766,122.7945556640625,18.218048095703125,181.05999755859375,1133.469970703125,354.3900146484375
2019-05-28,43.488834381103516,29.049999237060547,35.633827209472656,122.71672821044922,17.881521224975586,184.30999755859375,1134.1500244140625,355.05999755859375
2019-05-29,43.281436920166016,28.09000015258789,34.89046859741211,121.530029296875,17.281225204467773,182.19000244140625,1116.4599609375,349.19000244140625
2019-05-30,43.50591278076172,28.030000686645508,34.6241569519043,122.29847717285156,17.40856170654297,183.00999450683594,1117.949951171875,351.8500061035156
2019-05-31,42.71778106689453,27.40999984741211,33.71567916870117,120.3044204711914,16.990175247192383,177.47000122070312,1103.6300048828125,343.2799987792969
2019-06-03,42.2859001159668,27.579999923706055,33.29753112792969,116.5692138671875,16.971981048583984,164.14999389648438,1036.22998046875,336.6300048828125
2019-06-04,43.8328742980957,29.56999969482422,35.59236145019531,119.79862213134766,17.635944366455078,167.5,1053.050048828125,353.3999938964844
2019-06-05,44.540489196777344,29.5,35.16426086425781,122.3957290649414,17.79056739807129,168.1699981689453,1042.219970703125,355.7300109863281
2019-06-06,45.194419860839844,31.81999969482422,35.7865104675293,124.33141326904297,17.881521224975586,168.3300018310547,1044.3399658203125,357.1300048828125
2019-06-07,46.39735794067383,32.40999984741211,36.21461486816406,127.813720703125,17.927000045776367,173.35000610351562,1066.0400390625,360.8699951171875
2019-06-10,46.990291595458984,33.22999954223633,36.943878173828125,128.98097229003906,18.081619262695312,174.82000732421875,1080.3800048828125,352.010009765625
2019-06-11,47.53441619873047,32.40999984741211,37.521324157714844,128.49459838867188,18.209989547729492,178.10000610351562,1078.719970703125,351.2699890136719
2019-06-12,47.38313674926758,32.18000030517578,36.38883590698242,127.90126037597656,18.265005111694336,175.0399932861328,1077.030029296875,345.55999755859375
2019-06-13,47.373382568359375,31.389999389648438,36.90156173706055,128.7086181640625,18.329185485839844,177.47000122070312,1088.77001953125,343.42999267578125
2019-06-14,47.02933883666992,30.360000610351562,36.00056076049805,128.83505249023438,18.255834579467773,181.3300018310547,1085.3499755859375,339.7300109863281
2019-06-17,47.309932708740234,29.200000762939453,36.097625732421875,129.22415161132812,18.246665954589844,189.00999450683594,1092.5,350.6199951171875
2019-06-18,48.4225959777832,30.450000762939453,38.05147933959961,131.47108459472656,18.815153121948242,188.47000122070312,1103.5999755859375,357.1199951171875
2019-06-19,48.281070709228516,30.5,38.111209869384766,131.9866485595703,18.916015625,187.47999572753906,1102.3299560546875,363.5199890136719
2019-06-20,48.66903305053711,30.010000228881836,38.355125427246094,133.21226501464844,19.126903533935547,189.52999877929688,1111.4200439453125,365.2099914550781
2019-06-21,48.50311279296875,29.100000381469727,37.772701263427734,133.231689453125,18.980201721191406,191.13999938964844,1121.8800048828125,369.2099914550781
2019-06-24,48.45431137084961,29.260000228881836,37.9967155456543,134.01959228515625,18.943525314331055,192.60000610351562,1115.52001953125,371.0400085449219
2019-06-25,47.7198600769043,28.860000610351562,37.70301818847656,129.78829956054688,18.888507843017578,188.83999633789062,1086.3499755859375,360.29998779296875
2019-06-26,48.75199890136719,29.920000076293945,39.639434814453125,130.274658203125,19.06272315979004,187.66000366210938,1079.800048828125,362.20001220703125
2019-06-27,48.73735427856445,30.739999771118164,40.62757110595703,130.48866271972656,19.016876220703125,189.5,1076.010009765625,370.0199890136719
2019-06-28,48.29327392578125,30.3700008392334,40.876461029052734,130.30384826660156,19.06272315979004,193.0,1080.9100341796875,367.32000732421875
2019-07-01,49.17900466918945,31.200000762939453,41.35932540893555,131.97689819335938,19.246103286743164,193.0,1097.949951171875,374.6000061035156
2019-07-02,49.46693420410156,31.239999771118164,40.37866973876953,132.85235595703125,19.310291290283203,195.0,1111.25,375.42999267578125
2019-07-03,49.876861572265625,31.190000534057617,40.508094787597656,133.7083282470703,19.401981353759766,197.1999969482422,1121.5799560546875,381.7200012207031
2019-07-05,49.83293151855469,31.5,39.88086700439453,133.3192596435547,19.401981353759766,196.39999389648438,1131.5899658203125,380.54998779296875
2019-07-08,48.80567932128906,32.040000915527344,39.12919998168945,133.2219696044922,19.016876220703125,195.75999450683594,1116.3499755859375,376.1600036621094
2019-07-09,49.10336685180664,33.150001525878906,39.15408706665039,132.7356414794922,18.916015625,199.2100067138672,1124.8299560546875,379.92999267578125
2019-07-10,49.588932037353516,33.790000915527344,39.838558197021484,134.0876922607422,18.87934112548828,202.72999572753906,1140.47998046875,381.0
2019-07-11,49.22780227661133,33.060001373291016,41.38669967651367,134.6226806640625,19.117740631103516,201.22999572753906,1144.2099609375,379.5
2019-07-12,49.60601806640625,33.209999084472656,41.71773910522461,135.1090087890625,19.466169357299805,204.8699951171875,1144.9000244140625,373.25
2019-07-15,50.07206344604492,34.38999938964844,41.633113861083984,135.1090087890625,19.576196670532227,203.91000366210938,1150.3399658203125,366.6000061035156
2019-07-16,49.89881896972656,33.849998474121094,41.585819244384766,133.33868408203125,19.539518356323242,203.83999633789062,1153.5799560546875,365.989990234375
2019-07-17,49.61820983886719,33.599998474121094,42.24042892456055,132.55078125,19.420320510864258,201.8000030517578,1146.3499755859375,362.44000244140625
2019-07-18,50.18186950683594,33.0,42.357398986816406,132.6967010498047,19.60370445251465,200.77999877929688,1146.3299560546875,325.2099914550781
2019-07-19,49.432769775390625,32.5099983215332,41.92432403564453,132.8912353515625,19.612873077392578,198.36000061035156,1130.0999755859375,315.1000061035156
2019-07-22,50.56251525878906,32.849998474121094,42.641151428222656,134.65185546875,19.658721923828125,202.32000732421875,1138.0699462890625,310.6199951171875
2019-07-23,50.957794189453125,33.4900016784668,43.72135543823242,135.48837280273438,19.832929611206055,202.36000061035156,1146.2099609375,307.29998779296875
2019-07-24,50.916316986083984,34.11000061035156,44.46805953979492,136.8793487548828,19.777915954589844,204.66000366210938,1137.81005859375,317.94000244140625
2019-07-25,50.51370620727539,33.66999816894531,43.15388107299805,136.36378479003906,19.5578556060791,200.7100067138672,1132.1199951171875,326.4599914550781
2019-07-26,50.68939208984375,34.02000045776367,43.57451629638672,137.48243713378906,19.732074737548828,199.75,1250.4100341796875,335.7799987792969
2019-07-29,51.162757873535156,33.47999954223633,43.512290954589844,137.18089294433594,19.713733673095703,195.94000244140625,1239.4100341796875,332.70001220703125
2019-07-30,50.943153381347656,33.869998931884766,43.669097900390625,136.51943969726562,19.750410079956055,197.0399932861328,1225.1400146484375,325.92999267578125
2019-07-31,51.98261260986328,30.450000762939453,41.99401092529297,132.55078125,19.291954040527344,194.22999572753906,1216.6800537109375,322.989990234375
2019-08-01,50.857749938964844,29.860000610351562,41.04820251464844,134.2919464111328,19.246103286743164,192.72999572753906,1209.010009765625,319.5
2019-08-02,49.78169631958008,29.440000534057617,40.119815826416016,133.16360473632812,18.466724395751953,189.02000427246094,1193.989990234375,318.8299865722656
2019-08-05,47.17572784423828,27.989999771118164,37.531272888183594,128.6016082763672,17.568143844604492,181.72999572753906,1152.3199462890625,307.6300048828125
2019-08-06,48.068790435791016,28.860000610351562,37.919559478759766,131.01394653320312,17.650667190551758,184.50999450683594,1169.949951171875,310.1000061035156
2019-08-07,48.56655502319336,29.190000534057617,38.3028564453125,131.58779907226562,17.503963470458984,185.14999389648438,1173.989990234375,304.2900085449219
2019-08-08,49.637733459472656,33.91999816894531,39.390541076660156,135.0992889404297,17.907407760620117,190.16000366210938,1204.800048828125,315.8999938964844
2019-08-09,49.228702545166016,34.189998626708984,38.375038146972656,133.95150756835938,17.67817497253418,187.85000610351562,1188.010009765625,308.92999267578125
2019-08-12,49.103782653808594,32.43000030517578,37.69554901123047,132.08389282226562,17.329748153686523,185.3699951171875,1174.7099609375,310.8299865722656
2019-08-13,51.18324661254883,32.11000061035156,38.84048080444336,134.8172149658203,17.916574478149414,188.4499969482422,1197.27001953125,312.2799987792969
2019-08-14,49.6597785949707,30.239999771118164,37.35206985473633,130.7572784423828,17.67817497253418,179.7100067138672,1164.2900390625,299.1099853515625
2019-08-15,49.41239929199219,29.670000076293945,37.02850341796875,130.46449279785156,17.082176208496094,182.58999633789062,1167.260009765625,295.760009765625
2019-08-16,50.57827377319336,31.18000030517578,39.714107513427734,132.8555450439453,17.494792938232422,183.6999969482422,1177.5999755859375,302.79998779296875
2019-08-19,51.52125549316406,31.479999542236328,42.50674819946289,135.08071899414062,17.613988876342773,186.1699981689453,1198.449951171875,309.3800048828125
2019-08-20,51.523704528808594,30.719999313354492,41.78245162963867,133.95838928222656,17.338916778564453,183.80999755859375,1182.68994140625,298.989990234375
2019-08-21,52.082149505615234,31.700000762939453,42.61874771118164,135.45155334472656,17.3847599029541,183.5500030517578,1191.25,297.80999755859375
2019-08-22,52.038063049316406,31.899999618530273,42.680973052978516,134.46588134765625,17.357255935668945,182.0399932861328,1189.530029296875,296.92999267578125
2019-08-23,49.632835388183594,29.540000915527344,40.43093490600586,130.1814727783203,16.330307006835938,177.75,1151.2900390625,291.44000244140625
2019-08-26,50.57582473754883,30.280000686645508,41.18011474609375,132.1919403076172,16.35781478881836,180.36000061035156,1168.8900146484375,294.9800109863281
2019-08-27,50.00513458251953,30.200000762939453,40.271644592285156,132.4749298095703,16.256954193115234,181.3000030517578,1167.8399658203125,291.0299987792969
2019-08-28,50.34068298339844,30.780000686645508,40.16700744628906,132.29925537109375,16.311969757080078,181.75999450683594,1171.02001953125,291.7699890136719
2019-08-29,51.19304656982422,31.450000762939453,41.6070556640625,134.79766845703125,16.587045669555664,185.57000732421875,1192.8499755859375,296.7799987792969
2019-08-30,51.126914978027344,31.450000762939453,41.73411178588867,134.54396057128906,16.770429611206055,185.6699981689453,1188.0999755859375,293.75
2019-09-03,50.382328033447266,30.899999618530273,40.901973724365234,132.76773071289062,16.642059326171875,182.38999938964844,1168.3900146484375,289.2900085449219
2019-09-04,51.23713684082031,30.950000762939453,42.04554748535156,134.31947326660156,16.834611892700195,187.13999938964844,1181.4100341796875,291.5199890136719
2019-09-05,52.2389030456543,31.5,44.781150817871094,136.68128967285156,17.338916778564453,190.89999389648438,1211.3800048828125,293.25
2019-09-06,52.234004974365234,30.559999465942383,44.50958251953125,135.754150390625,17.513132095336914,187.49000549316406,1204.9300537109375,290.1700134277344
2019-09-09,52.45689392089844,30.5,44.970497131347656,134.21212768554688,17.430606842041016,188.75999450683594,1204.4100341796875,294.3399963378906
2019-09-10,53.076568603515625,30.229999542236328,45.63820266723633,132.80674743652344,17.56006622314453,186.1699981689453,1206.0,287.989990234375
2019-09-11,54.764137268066406,29.760000228881836,45.92472457885742,132.84580993652344,17.62479591369629,188.49000549316406,1220.1700439453125,288.2699890136719
2019-09-12,54.64167785644531,30.209999084472656,45.90977478027344,134.21212768554688,17.338138580322266,187.47000122070312,1234.25,288.8599853515625
2019-09-13,53.578670501708984,30.690000534057617,45.32926940917969,134.01695251464844,17.643291473388672,187.19000244140625,1239.56005859375,294.1499938964844
2019-09-16,53.8603515625,30.829999923706055,44.898250579833984,133.05075073242188,17.449106216430664,186.22000122070312,1231.300048828125,294.2900085449219
2019-09-17,54.05628967285156,30.989999771118164,45.112518310546875,134.0852508544922,17.449106216430664,188.0800018310547,1229.1500244140625,298.6000061035156
2019-09-18,54.56330108642578,30.420000076293945,44.8409423828125,135.18807983398438,17.3011474609375,188.13999938964844,1232.4100341796875,291.55999755859375
2019-09-19,54.11997604370117,30.290000915527344,44.08354949951172,137.67674255371094,17.338138580322266,190.13999938964844,1238.7099609375,286.6000061035156
2019-09-20,53.32884216308594,30.049999237060547,43.024688720703125,136.0859375,17.0792236328125,189.92999267578125,1229.9300537109375,270.75
2019-09-23,53.571327209472656,30.639999389648438,43.560340881347656,135.7931671142578,17.125455856323242,186.82000732421875,1234.030029296875,265.9200134277344
2019-09-24,53.31659698486328,29.520000457763672,42.984825134277344,134.0755157470703,16.78331756591797,181.27999877929688,1218.760009765625,254.58999633789062
2019-09-25,54.137115478515625,29.540000915527344,44.404937744140625,136.0078887939453,17.023740768432617,182.8000030517578,1246.52001953125,264.75
2019-09-26,53.8578987121582,29.469999313354492,44.183204650878906,136.1835174560547,17.03298568725586,180.11000061035156,1241.3900146484375,263.30999755859375
2019-09-27,53.5958251953125,28.719999313354492,42.7929801940918,134.41705322265625,17.13470458984375,177.10000610351562,1225.0899658203125,263.0799865722656
2019-09-30,54.857215881347656,28.989999771118164,43.36851119995117,135.685791015625,17.495338439941406,178.0800018310547,1219.0,267.6199951171875
2019-10-01,55.00907516479492,28.760000228881836,43.3510627746582,133.77294921875,17.190187454223633,175.80999755859375,1205.0999755859375,269.5799865722656
2019-10-02,53.63010787963867,28.309999465942383,43.11188507080078,131.4111328125,17.190187454223633,174.60000610351562,1176.6300048828125,268.0299987792969
2019-10-03,54.08568572998047,28.68000030517578,45.17230987548828,133.001953125,17.014493942260742,179.3800048828125,1187.8299560546875,268.1499938964844
2019-10-04,55.601802825927734,29.010000228881836,45.33673858642578,134.79766845703125,15.387019157409668,180.4499969482422,1209.0,272.7900085449219
2019-10-07,55.61405563354492,28.93000030517578,45.92472457885742,133.8217315673828,15.534971237182617,179.67999267578125,1207.6800537109375,274.4599914550781
2019-10-08,54.96253204345703,28.229999542236328,44.15579605102539,132.4066162109375,15.072620391845703,177.75,1189.1300048828125,270.7200012207031
2019-10-09,55.60670471191406,28.459999084472656,45.022823333740234,134.91481018066406,15.165092468261719,179.85000610351562,1202.31005859375,267.5299987792969
2019-10-10,56.35619354248047,28.3799991607666,45.600833892822266,135.754150390625,14.822952270507812,180.02999877929688,1208.6700439453125,280.4800109863281
2019-10-11,57.85517501831055,29.75,46.33830642700195,136.32017517089844,15.01714038848877,184.19000244140625,1215.449951171875,282.92999267578125
2019-10-14,57.77189254760742,30.530000686645508,46.472843170166016,136.1932830810547,15.294553756713867,183.27999877929688,1217.1400146484375,285.5299987792969
2019-10-15,57.637184143066406,30.719999313354492,48.92441177368164,138.1647186279297,15.544219017028809,188.88999938964844,1243.010009765625,284.25
2019-10-16,57.40449523925781,30.809999465942383,48.38627243041992,137.0325927734375,15.756898880004883,189.5500030517578,1243.6400146484375,286.2799987792969
2019-10-17,57.62738800048828,31.139999389648438,48.40618896484375,136.32994079589844,15.6829252243042,190.38999938964844,1253.0699462890625,293.3500061035156
2019-10-18,57.90415573120117,30.969999313354492,47.45945739746094,134.10476684570312,15.581205368041992,185.85000610351562,1245.489990234375,275.29998779296875
2019-10-21,58.90837860107422,32.029998779296875,48.834720611572266,135.1002197265625,15.719911575317383,189.75999450683594,1246.1500244140625,278.04998779296875
2019-10-22,58.77366638183594,31.510000228881836,48.735069274902344,133.0897674560547,15.830876350402832,182.33999633789062,1242.800048828125,266.69000244140625
2019-10-23,59.56234359741211,31.360000610351562,48.60550308227539,133.93887329101562,15.830876350402832,186.14999389648438,1259.1300048828125,271.2699890136719
2019-10-24,59.66030502319336,31.719999313354492,49.0464973449707,136.5738983154297,15.830876350402832,186.3800048828125,1260.989990234375,271.5
2019-10-25,60.395103454589844,32.709999084472656,50.959922790527344,137.34490966796875,16.025062561035156,187.88999938964844,1265.1300048828125,276.82000732421875
2019-10-28,61.000091552734375,33.689998626708984,51.52050018310547,140.72166442871094,16.30246925354004,189.39999389648438,1290.0,281.8599853515625
2019-10-29,59.58928680419922,33.029998779296875,50.55630874633789,139.39439392089844,16.27473258972168,189.30999755859375,1262.6199951171875,281.2099914550781
2019-10-30,59.581939697265625,33.130001068115234,50.57624053955078,141.13156127929688,16.293230056762695,188.25,1261.2900390625,291.45001220703125
2019-10-31,60.92905807495117,33.93000030517578,50.08293151855469,139.92141723632812,16.062053680419922,191.64999389648438,1260.1099853515625,287.4100036621094
2019-11-01,62.65828323364258,34.88999938964844,50.47408676147461,140.26300048828125,16.44117546081543,193.6199951171875,1273.739990234375,286.80999755859375
2019-11-04,63.06975555419922,36.290000915527344,52.44481658935547,141.072998046875,16.644615173339844,194.72000122070312,1291.3699951171875,292.8599853515625
2019-11-05,62.9791259765625,36.150001525878906,52.22308349609375,140.9851837158203,17.014493942260742,194.32000732421875,1292.030029296875,288.0299987792969
2019-11-06,63.006072998046875,35.93000030517578,51.72977828979492,140.5948028564453,18.096391677856445,191.5500030517578,1291.800048828125,288.5899963378906
2019-11-07,63.73324966430664,36.279998779296875,51.90666961669922,140.78997802734375,17.929946899414062,190.4199981689453,1308.8599853515625,289.57000732421875
2019-11-08,63.90766906738281,36.290000915527344,51.767154693603516,142.44911193847656,18.050161361694336,190.83999633789062,1311.3699951171875,291.57000732421875
2019-11-11,64.41374206542969,36.310001373291016,51.8668098449707,142.59548950195312,18.161121368408203,189.61000061035156,1299.18994140625,294.17999267578125
2019-11-12,64.35478210449219,36.709999084472656,52.22308349609375,143.5323944091797,18.059406280517578,194.47000122070312,1298.800048828125,292.010009765625
2019-11-13,64.97139739990234,37.52000045776367,51.96397399902344,143.76663208007812,18.059406280517578,193.19000244140625,1298.0,283.1099853515625
2019-11-14,64.52184295654297,38.349998474121094,52.2679328918457,144.49859619140625,18.61422348022461,193.14999389648438,1311.4599609375,289.6199951171875
2019-11-15,65.2883071899414,38.560001373291016,50.87273025512695,146.36265563964844,18.660457611083984,195.10000610351562,1334.8699951171875,295.0299987792969
2019-11-18,65.61751556396484,39.880001068115234,52.88829803466797,146.72377014160156,18.503259658813477,197.39999389648438,1320.699951171875,302.57000732421875
2019-11-19,65.41851043701172,41.290000915527344,51.8194694519043,146.77255249023438,18.59572982788086,199.32000732421875,1315.4599609375,302.6000061035156
2019-11-20,64.65694427490234,40.97999954223633,52.61423873901367,146.51792907714844,18.21660614013672,197.50999450683594,1303.050048828125,305.1600036621094
2019-11-21,64.36708068847656,39.52000045776367,52.36509323120117,146.380859375,18.170368194580078,197.92999267578125,1301.3499755859375,311.69000244140625
2019-11-22,64.31055450439453,39.150001525878906,52.5419921875,146.4885711669922,18.438533782958984,198.82000732421875,1295.3399658203125,310.4800109863281
2019-11-25,65.43816375732422,39.790000915527344,55.11315155029297,148.0945587158203,18.632719039916992,199.7899932861328,1306.68994140625,315.54998779296875
2019-11-26,64.92718505859375,38.9900016784668,54.06426239013672,148.87796020507812,18.54949378967285,198.97000122070312,1313.550048828125,312.489990234375
2019-11-27,65.79930114746094,39.40999984741211,54.41331481933594,149.1619873046875,18.29983139038086,202.0,1312.989990234375,315.92999267578125
2019-11-29,65.65434265136719,39.150001525878906,54.03932571411133,148.241455078125,18.567989349365234,201.63999938964844,1304.9599609375,314.6600036621094
2019-12-02,64.89525604248047,38.72999954223633,52.17185592651367,146.44940185546875,18.336816787719727,199.6999969482422,1289.9200439453125,309.989990234375
2019-12-03,63.7381591796875,38.900001525878906,51.77543258666992,146.21438598632812,18.151872634887695,198.82000732421875,1295.280029296875,306.1600036621094
2019-12-04,64.30073547363281,39.689998626708984,52.2142333984375,146.74319458007812,18.531003952026367,198.7100067138672,1320.5400390625,304.32000732421875
2019-12-05,65.24410247802734,39.619998931884766,52.04470443725586,146.821533203125,18.7899227142334,199.36000061035156,1328.1300048828125,302.8599853515625
2019-12-06,66.50435638427734,39.630001068115234,52.89989471435547,148.60377502441406,18.95636558532715,201.0500030517578,1340.6199951171875,307.3500061035156
2019-12-09,65.57328796386719,38.93000030517578,52.89989471435547,148.22186279296875,18.928625106811523,201.33999633789062,1343.56005859375,302.5
2019-12-10,65.95651245117188,39.439998626708984,53.3511848449707,147.9966583251953,18.840946197509766,200.8699951171875,1344.6600341796875,293.1199951171875
2019-12-11,66.51909637451172,39.470001220703125,54.18891906738281,148.5548095703125,18.719694137573242,202.25999450683594,1345.02001953125,298.92999267578125
2019-12-12,66.68860626220703,42.59000015258789,55.86689758300781,150.06288146972656,19.05547332763672,196.75,1350.27001953125,298.44000244140625
2019-12-13,67.5951156616211,41.150001525878906,55.846954345703125,151.32614135742188,18.980854034423828,194.11000061035156,1347.8299560546875,298.5
2019-12-16,68.752197265625,42.349998474121094,56.136165618896484,152.305419921875,19.13941764831543,197.9199981689453,1361.1700439453125,304.2099914550781
2019-12-17,68.8873291015625,42.77000045776367,56.9190559387207,151.48281860351562,18.999513626098633,198.38999938964844,1355.1199951171875,315.4800109863281
2019-12-18,68.72272491455078,42.29999923706055,57.22323989868164,151.16944885253906,18.962203979492188,202.5,1352.6199951171875,320.79998779296875
2019-12-19,68.79151916503906,42.83000183105469,58.70674514770508,152.48171997070312,18.934221267700195,206.05999755859375,1356.0400390625,332.2200012207031
2019-12-20,68.6490249633789,44.150001525878906,59.68161392211914,154.14646911621094,19.176725387573242,206.3000030517578,1349.5899658203125,336.8999938964844
2019-12-23,69.76927185058594,45.459999084472656,59.54448318481445,154.14646911621094,19.176725387573242,206.17999267578125,1348.8399658203125,333.1000061035156
2019-12-24,69.8355941772461,46.540000915527344,59.49462127685547,154.11703491210938,19.204710006713867,205.1199951171875,1343.56005859375,333.20001220703125
2019-12-26,71.2211685180664,46.630001068115234,59.63673782348633,155.3803253173828,19.29798126220703,207.7899932861328,1360.4000244140625,332.6300048828125
2019-12-27,71.19413757324219,46.18000030517578,59.05829620361328,155.664306640625,19.148746490478516,208.10000610351562,1351.8900146484375,329.0899963378906
2019-12-30,71.6166763305664,45.52000045776367,57.923858642578125,154.3226776123047,19.111438751220703,204.41000366210938,1336.1400146484375,323.30999755859375
2019-12-31,72.13995361328125,45.86000061035156,58.66685104370117,154.43038940429688,19.167402267456055,205.25,1337.02001953125,323.57000732421875
2020-01-02,73.78590393066406,49.099998474121094,59.816253662109375,157.28988647460938,19.391254425048828,209.77999877929688,1367.3699951171875,329.80999755859375
2020-01-03,73.06857299804688,48.599998474121094,58.85883331298828,155.33132934570312,19.148746490478516,208.6699981689453,1360.6600341796875,325.8999938964844
2020-01-06,73.65078735351562,48.38999938964844,59.10566711425781,155.73284912109375,19.223365783691406,212.60000610351562,1394.2099609375,335.8299865722656
2020-01-07,73.3044204711914,48.25,59.82123947143555,154.31289672851562,19.270002365112305,213.05999755859375,1393.3399658203125,330.75
2020-01-08,74.48360443115234,47.83000183105469,59.933433532714844,156.7708740234375,19.52183723449707,215.22000122070312,1404.3199462890625,339.260009765625
2020-01-09,76.0656967163086,48.970001220703125,60.591651916503906,158.7294158935547,19.810976028442383,218.3000030517578,1419.8299560546875,335.6600036621094
2020-01-10,76.23766326904297,48.16999816894531,60.91579055786133,157.9949493408203,19.94155502319336,218.05999755859375,1429.72998046875,329.04998779296875
2020-01-13,77.86642456054688,48.75,62.82563781738281,159.89476013183594,20.01617431640625,221.91000366210938,1439.22998046875,338.9200134277344
2020-01-14,76.81497955322266,48.209999084472656,61.6537971496582,158.7686004638672,19.960214614868164,219.05999755859375,1430.8800048828125,338.69000244140625
2020-01-15,76.48578643798828,48.54999923706055,61.227447509765625,159.79681396484375,19.97886848449707,221.14999389648438,1439.199951171875,339.07000732421875
2020-01-16,77.44388580322266,49.77000045776367,62.065185546875,162.7248077392578,20.212047576904297,221.77000427246094,1451.699951171875,338.6199951171875
2020-01-17,78.30126953125,50.93000030517578,62.15244674682617,163.63552856445312,20.491859436035156,222.13999938964844,1480.3900146484375,339.6700134277344
2020-01-21,77.77063751220703,51.04999923706055,61.8183479309082,163.0479736328125,20.48253631591797,221.44000244140625,1484.4000244140625,338.1099853515625
2020-01-22,78.04823303222656,51.43000030517578,62.35939407348633,162.26455688476562,20.454553604125977,221.32000732421875,1485.949951171875,326.0
2020-01-23,78.4240951538086,51.709999084472656,63.045040130615234,163.263427734375,20.613117218017578,219.75999450683594,1486.6500244140625,349.6000061035156
2020-01-24,78.19807434082031,50.349998474121094,62.45164489746094,161.61825561523438,20.501192092895508,217.94000244140625,1466.7099609375,353.1600036621094
2020-01-27,75.8986587524414,49.2599983215332,59.88855743408203,158.9154815673828,20.128103256225586,214.8699951171875,1433.9000244140625,342.8800048828125
2020-01-28,78.04576110839844,50.529998779296875,61.82583999633789,162.02955627441406,20.184066772460938,217.7899932861328,1452.56005859375,348.5199890136719
2020-01-29,79.67945098876953,47.5099983215332,61.219966888427734,164.55606079101562,19.988195419311523,223.22999572753906,1458.6300048828125,343.1600036621094
2020-01-30,79.5639877319336,48.779998779296875,61.28728103637695,169.19776916503906,20.081462860107422,209.52999877929688,1455.8399658203125,347.739990234375
2020-01-31,76.03622436523438,47.0,58.948585510253906,166.70062255859375,19.885595321655273,201.91000366210938,1434.22998046875,345.0899963378906
